gender,created,fav_number,tweet_count,retweet_count,tweet_location,user_timezone,link_hue,link_sat,link_vue,sidebar_hue,sidebar_sat,sidebar_vue
0,08/07/2011,319,94731,0,1,1,0,100,31.4,0,0,0
0,01/02/2009,7,45611,0,1,1,122.1,78.8,85.1,0,0,0
0,10/09/2009,1089,23571,0,1,1,300,3.3,23.9,60,93.7,18.8
0,04/01/2011,3961,64463,0,1,1,11.1,87.7,80,60,93.7,18.8
0,04/01/2011,3959,64451,0,1,1,11.1,87.7,80,60,93.7,18.8
0,12/25/2010,3164,80966,0,0,1,210,53.6,38,72.8,93.8,31.4
0,01/31/2011,7,3926,0,1,1,0,0,0,60,93.8,31.4
0,03/17/2009,9,153947,0,1,1,196,100,70.6,68,93.8,50.2
0,08/18/2009,10,5560,6,0,1,354.7,96.3,74.1,60,93.8,50.2
0,12/29/2009,14,5016,0,1,1,50.8,91.1,61.6,60,93.8,50.2
0,04/26/2009,5367,16440,0,1,1,195,42.9,11,210,11.1,7.1
0,02/26/2009,992,99570,0,0,1,212.3,34.2,29.8,228,37.7,20.8
0,06/01/2007,5833,109487,0,1,1,109.9,36.3,83.1,90,10.5,14.9
0,02/20/2009,7360,8889,0,1,1,238,94.4,49,252,12.2,16.1
0,05/28/2008,682,15614,0,1,1,208.1,82.1,91.8,0,0,16.1
0,09/23/2011,6119,6949,0,1,0,242,100,70.2,199.5,51.2,32.9
0,02/25/2010,374,1475511,0,1,1,169.9,94.7,74.1,0,0,21.2
0,06/18/2009,4416,4910,0,0,1,29.9,94.4,98.4,0,0,21.6
0,09/05/2012,28,2886,0,1,0,240,87.2,98,0,0,21.6
0,11/22/2009,2005,11896,0,1,1,34.7,97,25.9,34.7,97,25.9
0,09/28/2010,448,43965,0,1,1,0,1.4,27.8,195,3.8,41.2
0,12/11/2007,83,13390,0,1,1,0,100,40,0,100,40
0,07/09/2011,344,2153,0,1,1,196,100,70.6,6.9,93.8,51
0,08/21/2011,144,770,0,1,1,0,100,60,0,0,60
0,04/30/2009,2930,39033,0,1,1,2,92.5,63.1,0,0,0
0,07/05/2009,28,80321,1,1,1,196,100,70.6,0,0,0
0,10/21/2009,1245,83090,0,1,1,1.5,100,31.4,200,100,52.9
0,02/25/2009,368,11081,0,1,1,100,75,12.5,215.1,100,100
0,12/20/2010,103,85244,0,1,1,45.1,100,69.4,173.9,100,65.9
0,03/11/2010,6314,19093,0,1,1,189.9,100,100,120,100,100
0,05/04/2011,3699,54037,0,0,1,128.9,100,100,120,100,100
0,12/08/2009,178,2956,0,1,1,205.6,49.2,71,218.1,98.8,100
0,12/06/2008,2111,44717,1,1,1,3.1,82.2,63.9,227.3,86.8,14.9
0,07/08/2010,23890,164610,0,1,1,19.1,91,96.1,234.9,94.4,49
0,06/19/2009,431,3345,0,0,1,0,95.2,72.9,200.1,96.8,96.9
0,07/28/2011,6291,112117,1,1,1,234.9,78.8,70.2,180,10,3.9
0,12/31/2009,37,10446,0,1,1,0,0,0,300,10,3.9
0,09/25/2011,1059,21381,0,1,1,0,91.4,68.6,300,10,3.9
0,05/20/2009,1811,106784,0,1,0,0,98,100,0,0,3.9
0,09/12/2010,290,38676,0,0,1,176.9,81.3,83.9,0,0,3.9
0,10/01/2009,606,9379,0,1,0,357.9,100,32.9,353.3,81.8,4.3
0,03/11/2011,1754,10775,0,0,1,0,0,3.9,180,7.7,5.1
0,06/04/2009,43,5492,0,1,1,352.1,93.9,70.2,100,30,7.8
0,02/11/2011,33118,92792,0,1,0,196,100,70.6,200,41.7,14.1
0,11/06/2009,7110,13505,0,1,1,194.1,80.3,93.7,160,21.4,11
0,07/02/2011,14024,68293,0,1,1,352.5,79.2,86.7,186.5,84.5,55.7
0,03/29/2012,1421,9520,1,0,1,188.4,70.9,71.4,186.5,84.5,55.7
0,05/22/2012,81,4481,0,1,1,206.2,72.8,85.1,186.5,84.5,55.7
0,03/04/2009,0,43067,0,0,1,176.9,85.3,80,204,17.9,11
0,03/05/2007,1167,5754,0,1,1,194.1,80.3,93.7,220,20,11.8
0,04/25/2007,2278,21083,0,1,1,194.1,80.3,93.7,220,20,11.8
0,12/13/2007,14,3383,0,1,1,194.1,80.3,93.7,220,20,11.8
0,01/17/2008,289,20677,0,1,1,194.1,80.3,93.7,220,20,11.8
0,02/10/2008,52,1406,0,1,1,194.1,80.3,93.7,220,20,11.8
0,03/06/2008,1614,20906,1,1,1,194.1,80.3,93.7,220,20,11.8
0,03/11/2008,1110,14042,0,1,1,194.1,80.3,93.7,220,20,11.8
0,03/24/2008,491,16464,0,1,1,194.1,90.8,67.8,220,20,11.8
0,04/02/2008,1322,69032,0,1,1,194.1,80.3,93.7,220,20,11.8
0,05/20/2008,19659,44620,0,1,1,194.1,80.3,93.7,220,20,11.8
0,07/24/2008,1142,87627,0,1,1,206.2,72.8,85.1,220,20,11.8
0,07/31/2008,145,17581,0,1,1,26.1,96.5,100,220,20,11.8
0,08/10/2008,231,816,0,0,0,194.1,80.3,93.7,220,20,11.8
0,08/11/2008,626,5490,0,1,1,194.1,80.3,93.7,220,20,11.8
0,08/26/2008,1111,15636,0,1,1,194.1,80.3,93.7,220,20,11.8
0,08/27/2008,112,4881,0,1,1,194.1,80.3,93.7,220,20,11.8
0,09/27/2008,4546,1382,0,1,1,194.1,80.3,93.7,220,20,11.8
0,11/25/2008,5515,12078,0,1,1,194.1,80.3,93.7,220,20,11.8
0,12/07/2008,135,5178,0,1,1,194.1,80.3,93.7,220,20,11.8
0,12/30/2008,164,104,0,1,1,194.1,80.3,93.7,220,20,11.8
0,01/12/2009,1494,2895,0,1,1,194.1,80.3,93.7,220,20,11.8
0,01/13/2009,648,19285,0,1,0,194.1,80.3,93.7,220,20,11.8
0,01/26/2009,355,2848,0,1,1,194.1,80.3,93.7,220,20,11.8
0,01/28/2009,1633,14021,0,1,1,194.1,80.3,93.7,220,20,11.8
0,01/30/2009,829,6755,0,1,1,194.1,80.3,93.7,220,20,11.8
0,02/05/2009,283,6961,1,1,1,194.1,80.3,93.7,220,20,11.8
0,02/05/2009,103,7790,0,1,1,194.1,80.3,93.7,220,20,11.8
0,02/07/2009,1130,2288,1,0,1,194.1,80.3,93.7,220,20,11.8
0,02/07/2009,9326,8208,0,1,0,194.1,80.3,93.7,220,20,11.8
0,02/08/2009,8,234323,0,1,1,194.1,80.3,93.7,220,20,11.8
0,02/09/2009,927,11684,0,1,0,194.1,80.3,93.7,220,20,11.8
0,02/23/2009,13220,75151,0,1,1,194.1,80.3,93.7,220,20,11.8
0,02/27/2009,22,1859,0,1,1,343.3,55.9,72.9,220,20,11.8
0,02/27/2009,268,16128,0,1,1,194.1,80.3,93.7,220,20,11.8
0,03/02/2009,8,2977,0,1,1,194.1,80.3,93.7,220,20,11.8
0,03/06/2009,598,9723,0,1,1,200.9,92.2,90.2,220,20,11.8
0,03/13/2009,3368,112747,0,1,1,194.1,80.3,93.7,220,20,11.8
0,03/14/2009,11484,4267,0,1,1,194.1,80.3,93.7,220,20,11.8
0,03/14/2009,171,7148,0,1,1,0,80.2,92.9,220,20,11.8
0,03/17/2009,281,11723,0,1,1,194.1,80.3,93.7,220,20,11.8
0,03/20/2009,3786,21111,0,1,1,194.1,80.3,93.7,220,20,11.8
0,03/21/2009,0,5174,0,1,1,194.1,80.3,93.7,220,20,11.8
0,03/26/2009,791,13787,0,1,1,194.1,80.3,93.7,220,20,11.8
0,04/04/2009,8272,9721,0,1,1,194.1,80.3,93.7,220,20,11.8
0,04/13/2009,9954,50396,0,1,1,344.7,79.3,81.6,220,20,11.8
0,04/15/2009,214,269,0,1,1,194.1,80.3,93.7,220,20,11.8
0,04/15/2009,1979,7555,0,1,1,194.1,80.3,93.7,220,20,11.8
0,04/15/2009,1988,13927,0,1,1,194.1,80.3,93.7,220,20,11.8
0,04/20/2009,1116,114819,1,1,1,194.1,80.3,93.7,220,20,11.8
0,04/21/2009,867,5093,0,1,0,194.1,80.3,93.7,220,20,11.8
0,04/24/2009,289,10065,0,1,1,194.1,80.3,93.7,220,20,11.8
0,04/27/2009,634,3900,0,1,1,194.1,80.3,93.7,220,20,11.8
0,04/29/2009,1437,18294,0,1,1,194.1,80.3,93.7,220,20,11.8
0,04/30/2009,6687,26877,0,1,1,194.1,80.3,93.7,220,20,11.8
0,05/03/2009,8646,10223,0,1,1,194.1,80.3,93.7,220,20,11.8
0,05/17/2009,7834,379805,0,1,1,194.1,80.3,93.7,220,20,11.8
0,05/20/2009,384,2415,0,1,1,194.1,80.3,93.7,220,20,11.8
0,05/21/2009,809,7946,0,1,1,194.1,80.3,93.7,220,20,11.8
0,05/22/2009,2243,4636,0,1,1,194.1,80.3,93.7,220,20,11.8
0,05/31/2009,124,733,0,1,1,4.1,80,92.2,220,20,11.8
0,05/31/2009,3536,49325,0,1,1,222.9,13.3,41.2,220,20,11.8
0,06/14/2009,359,597,0,1,1,194.1,80.3,93.7,220,20,11.8
0,06/16/2009,1012,4937,0,1,1,194.1,80.3,93.7,220,20,11.8
0,06/17/2009,4928,26834,0,1,1,206.1,11.9,76.1,220,20,11.8
0,06/25/2009,193,204285,0,1,1,194.1,80.3,93.7,220,20,11.8
0,07/08/2009,57,41166,0,1,1,194.1,80.3,93.7,220,20,11.8
0,07/19/2009,3503,34044,0,1,1,194.1,80.3,93.7,220,20,11.8
0,07/23/2009,205,878,0,0,1,194.1,80.3,93.7,220,20,11.8
0,07/26/2009,247,197500,0,1,1,194.1,80.3,93.7,220,20,11.8
0,07/28/2009,3800,60896,0,1,1,194.1,80.3,93.7,220,20,11.8
0,07/31/2009,336,144659,1,1,1,194.1,80.3,93.7,220,20,11.8
0,08/02/2009,2184,15767,0,1,1,0,0,0,220,20,11.8
0,08/04/2009,42,619,0,1,1,194.1,80.3,93.7,220,20,11.8
0,08/13/2009,25,31854,0,1,1,194.1,80.3,93.7,220,20,11.8
0,09/04/2009,370,2935,0,0,1,194.1,80.3,93.7,220,20,11.8
0,09/04/2009,990,201225,0,1,1,194.1,80.3,93.7,220,20,11.8
0,10/03/2009,42,21262,1,1,1,194.1,80.3,93.7,220,20,11.8
0,10/12/2009,11767,77436,0,1,1,194.1,80.3,93.7,220,20,11.8
0,11/02/2009,63,42128,0,1,1,194.1,80.3,93.7,220,20,11.8
0,11/17/2009,65,252,0,1,0,194.1,80.3,93.7,220,20,11.8
0,11/18/2009,4783,142263,0,1,1,194.1,80.3,93.7,220,20,11.8
0,12/01/2009,35,3075,0,1,1,194.1,80.3,93.7,220,20,11.8
0,12/02/2009,352,10168,0,1,1,194.1,80.3,93.7,220,20,11.8
0,12/05/2009,744,11390,0,1,1,194.1,80.3,93.7,220,20,11.8
0,12/07/2009,30,109956,0,1,1,275.8,65.8,76.9,220,20,11.8
0,01/02/2010,6996,16034,0,0,1,194.1,80.3,93.7,220,20,11.8
0,01/08/2010,3763,2535,0,1,1,194.1,80.3,93.7,220,20,11.8
0,02/10/2010,214,22016,0,0,1,194.1,80.3,93.7,220,20,11.8
0,02/24/2010,633,6888,0,1,0,194.1,80.3,93.7,220,20,11.8
0,03/15/2010,24,2795,0,1,1,194.1,80.3,93.7,220,20,11.8
0,04/06/2010,264,212774,0,1,1,194.1,80.3,93.7,220,20,11.8
0,04/19/2010,542,889,0,0,1,194.1,80.3,93.7,220,20,11.8
0,04/20/2010,10,569,0,1,1,194.1,80.3,93.7,220,20,11.8
0,07/09/2010,1288,16920,0,1,1,194.1,80.3,93.7,220,20,11.8
0,08/25/2010,5999,71353,0,1,1,232.7,80.2,92.9,220,20,11.8
0,09/16/2010,37,621,0,1,1,194.1,80.3,93.7,220,20,11.8
0,09/29/2010,2366,10853,0,1,1,194.1,80.3,93.7,220,20,11.8
0,10/04/2010,9505,133956,0,1,1,194.1,80.3,93.7,220,20,11.8
0,11/16/2010,23,21283,0,1,1,194.1,80.3,93.7,220,20,11.8
0,11/25/2010,0,236076,0,1,1,194.1,80.3,93.7,220,20,11.8
0,11/26/2010,60,10457,0,1,1,194.1,80.3,93.7,220,20,11.8
0,12/12/2010,3487,2509,0,1,1,352.2,83.8,94.1,220,20,11.8
0,12/29/2010,5467,9730,0,1,0,22.7,70.7,61.6,220,20,11.8
0,01/02/2011,2703,31461,0,1,1,194.1,80.3,93.7,220,20,11.8
0,01/18/2011,6431,9740,0,1,0,194.1,80.3,93.7,220,20,11.8
0,02/21/2011,643,188284,0,1,1,194.1,80.3,93.7,220,20,11.8
0,02/27/2011,10092,68906,0,1,1,194.1,80.3,93.7,220,20,11.8
0,03/07/2011,3000,3954,0,0,1,194.1,80.3,93.7,220,20,11.8
0,03/17/2011,116,3782,0,1,1,206.2,72.8,85.1,220,20,11.8
0,04/01/2011,3967,20943,0,1,1,194.1,80.3,93.7,220,20,11.8
0,04/19/2011,776,15008,0,1,1,50.6,100,100,220,20,11.8
0,05/08/2011,1265,123844,0,1,1,194.1,80.3,93.7,220,20,11.8
0,06/02/2011,179,72850,0,0,1,194.1,80.3,93.7,220,20,11.8
0,06/13/2011,1,6353,0,0,1,194.1,80.3,93.7,220,20,11.8
0,06/24/2011,0,6321,0,1,0,194.1,80.3,93.7,220,20,11.8
0,07/13/2011,1,616,0,1,1,194.1,80.3,93.7,220,20,11.8
0,07/24/2011,2732,19849,0,1,1,194.1,80.3,93.7,220,20,11.8
0,07/28/2011,1677,2085,0,1,1,194.1,80.3,93.7,220,20,11.8
0,09/22/2011,359,1388,0,1,1,0,80,92.2,220,20,11.8
0,10/06/2011,273,18498,0,1,1,194.1,80.3,93.7,220,20,11.8
0,10/21/2011,25110,25170,0,1,1,194.1,80.3,93.7,220,20,11.8
0,10/28/2011,1931,25132,0,1,1,194.1,80.3,93.7,220,20,11.8
0,01/01/2012,352,214,0,1,0,194.1,80.3,93.7,220,20,11.8
0,02/27/2012,93,1819,0,0,1,194.1,80.3,93.7,220,20,11.8
0,02/28/2012,852,5611,0,1,1,194.1,80.3,93.7,220,20,11.8
0,05/01/2012,5580,4999,0,0,0,194.1,80.3,93.7,220,20,11.8
0,05/11/2012,44199,53693,0,0,1,194.1,80.3,93.7,220,20,11.8
0,06/20/2012,607,971,0,0,1,194.1,80.3,93.7,220,20,11.8
0,08/10/2012,15533,76256,0,0,1,194.1,80.3,93.7,220,20,11.8
0,09/01/2012,0,66,0,1,1,194.1,80.3,93.7,220,20,11.8
0,10/03/2012,2959,2781,0,1,0,194.1,80.3,93.7,220,20,11.8
0,10/13/2012,5021,22635,0,1,1,194.1,80.3,93.7,220,20,11.8
0,10/25/2012,63466,50662,0,1,1,194.1,80.3,93.7,220,20,11.8
0,10/28/2012,587,23362,0,1,1,194.1,80.3,93.7,220,20,11.8
0,11/13/2012,587,1281,0,1,1,194.1,80.3,93.7,220,20,11.8
0,02/11/2013,223,970,0,1,0,194.1,80.3,93.7,220,20,11.8
0,02/17/2013,5651,7756,0,0,0,194.1,80.3,93.7,220,20,11.8
0,07/13/2013,891,11440,0,1,1,0,0,0,220,20,11.8
0,10/05/2013,370,3337,0,1,0,194.1,80.3,93.7,220,20,11.8
0,11/02/2013,88,842,0,1,0,194.1,80.3,93.7,220,20,11.8
0,11/21/2013,270,471,0,1,1,194.1,80.3,93.7,220,20,11.8
0,04/14/2015,16,8020,0,1,0,194.1,80.3,93.7,220,20,11.8
0,11/30/2009,4162,26527,2,1,1,0,100,60,300,19.2,10.2
0,11/30/2009,3172,28459,0,0,1,0,0,5.9,0,0,10.2
0,04/24/2009,97,22562,0,1,0,196.8,84.4,78,197.9,89,92.9
0,09/08/2010,1758,21337,0,0,1,211.1,93.9,90.2,216,34.9,16.9
0,07/10/2011,1419,13919,0,1,1,250,4.1,56.9,0,0,11.4
0,03/25/2009,310,2429,0,0,1,120,100,70.2,210,6.5,12.2
0,03/22/2009,4,20867,0,1,1,194.1,80.3,93.7,220,85.5,83.9
0,05/16/2009,0,33057,0,1,1,211.1,78.7,42.4,198.2,79.9,66.3
0,06/08/2010,8670,19090,0,1,1,211.1,78.7,42.4,198.2,79.9,66.3
0,08/07/2012,8256,39869,0,1,1,211.1,78.7,42.4,198.2,79.9,66.3
0,10/15/2012,9104,30723,0,1,1,352.5,79.2,86.7,198.2,79.9,66.3
0,12/02/2009,7456,43632,0,1,1,229.9,100,70.2,100,41.4,22.7
0,09/09/2008,544,9739,0,1,1,26.3,19.6,82,281.2,85,23.5
0,08/09/2007,106,6047,0,1,1,210,66.7,60,223,54.5,43.1
0,05/23/2009,353,3874,0,1,1,206.1,11.9,76.1,217.4,54.5,43.9
0,06/09/2010,417,43922,0,1,1,32.9,85.7,96.1,115,64.9,58
0,11/27/2011,462,14909,0,1,1,7.3,71.8,98.8,165.2,68,77.3
0,03/14/2010,2569,4501,0,1,1,0,49.2,97.3,155.9,71.1,92.2
0,11/25/2009,574,3601,0,1,1,178.1,22.9,54.9,323.7,100,27.8
0,09/19/2009,326,4529,0,1,1,38.2,81.2,94.1,263.1,95.4,68.2
0,11/02/2009,28,4034,0,1,1,184.3,7.1,77.6,225.9,61.7,75.7
0,12/13/2012,10808,21086,0,1,1,196.3,36.2,87.8,196.2,66.4,87.5
0,09/10/2009,1138,20709,0,1,1,47.4,40.9,72.9,168.9,25,42.4
0,07/18/2008,200,984,0,1,1,349.8,86.8,74.5,184.6,32,47.8
0,06/20/2009,4378,7729,0,0,1,71.6,59,65.1,300,51.7,34.1
0,06/14/2007,20837,54691,0,1,1,0.3,82.8,86.7,31.8,72.5,35.7
0,08/01/2009,5240,166834,0,1,1,0,0,0,300,100,36.1
0,04/28/2009,0,18186,0,1,1,344.7,79.3,81.6,235.2,39.7,61.2
0,05/20/2007,75,1809,0,1,1,190.4,100,72.5,183.8,57.3,86.3
0,10/19/2007,5672,38410,0,1,1,190.4,100,72.5,183.8,57.3,86.3
0,11/24/2007,2854,48668,0,1,1,190.4,100,72.5,183.8,57.3,86.3
0,03/10/2008,684,3698,0,1,1,190.4,100,72.5,183.8,57.3,86.3
0,07/11/2008,1,19021,0,1,1,190.4,100,72.5,183.8,57.3,86.3
0,09/06/2008,90,26848,0,1,1,190.4,100,72.5,183.8,57.3,86.3
0,09/30/2008,1,233,0,1,1,190.4,100,72.5,183.8,57.3,86.3
0,10/30/2008,24,30876,0,1,1,190.4,100,72.5,183.8,57.3,86.3
0,11/28/2008,0,188808,0,0,1,190.4,100,72.5,183.8,57.3,86.3
0,11/28/2008,0,188808,0,0,1,190.4,100,72.5,183.8,57.3,86.3
0,02/06/2009,6,5405,0,1,1,190.4,100,72.5,183.8,57.3,86.3
0,02/16/2009,144,26169,0,1,1,190.4,100,72.5,183.8,57.3,86.3
0,02/20/2009,21,134519,0,1,1,190.4,100,72.5,183.8,57.3,86.3
0,03/02/2009,14317,27045,0,1,1,0,0,0,183.8,57.3,86.3
0,04/14/2009,406,76069,0,1,1,190.4,100,72.5,183.8,57.3,86.3
0,06/07/2009,3975,99505,0,1,1,190.4,100,72.5,183.8,57.3,86.3
0,10/03/2009,189,2158,0,0,1,190.4,100,72.5,183.8,57.3,86.3
0,10/05/2009,85,32576,0,1,1,190.4,100,72.5,183.8,57.3,86.3
0,11/21/2009,104,260,0,1,1,190.4,100,72.5,183.8,57.3,86.3
0,12/05/2009,7861,49495,1,1,1,190.4,100,72.5,183.8,57.3,86.3
0,12/08/2009,3957,44579,0,1,1,206.1,11.9,76.1,183.8,57.3,86.3
0,12/08/2009,3957,44577,1,1,1,206.1,11.9,76.1,183.8,57.3,86.3
0,12/12/2009,101642,120006,0,1,1,190.4,100,72.5,183.8,57.3,86.3
0,01/27/2010,0,132532,0,1,1,190.4,100,72.5,183.8,57.3,86.3
0,02/21/2010,1238,63393,0,1,1,190.4,100,72.5,183.8,57.3,86.3
0,04/19/2010,11,46646,0,1,1,190.4,100,72.5,183.8,57.3,86.3
0,05/09/2010,949,18080,0,1,1,190.4,100,72.5,183.8,57.3,86.3
0,06/05/2010,1,133519,0,1,1,190.4,100,72.5,183.8,57.3,86.3
0,06/10/2010,3140,17741,0,1,0,190.4,100,72.5,183.8,57.3,86.3
0,07/03/2010,3466,86572,0,1,1,190.4,100,72.5,183.8,57.3,86.3
0,10/17/2010,2702,24781,0,1,0,190.4,100,72.5,183.8,57.3,86.3
0,10/17/2010,2702,24779,0,1,0,190.4,100,72.5,183.8,57.3,86.3
0,02/12/2011,285,1385,0,1,0,190.4,100,72.5,183.8,57.3,86.3
0,02/22/2011,81,50311,0,0,0,190.4,100,72.5,183.8,57.3,86.3
0,09/27/2011,3879,8193,1,1,0,190.4,100,72.5,183.8,57.3,86.3
0,10/04/2011,1,24293,0,1,0,190.4,100,72.5,183.8,57.3,86.3
0,12/20/2011,433,5080,0,1,1,190.4,100,72.5,183.8,57.3,86.3
0,02/03/2012,1642,453,0,1,1,190.5,100,60.4,183.8,57.3,86.3
0,04/13/2012,18964,35181,0,1,1,190.4,100,72.5,183.8,57.3,86.3
0,04/13/2012,18964,35180,0,1,1,190.4,100,72.5,183.8,57.3,86.3
0,05/12/2012,19766,18509,0,1,1,190.4,100,72.5,183.8,57.3,86.3
0,06/16/2012,59,4196,0,1,0,190.4,100,72.5,183.8,57.3,86.3
0,09/01/2012,20918,4291,0,1,1,190.4,100,72.5,183.8,57.3,86.3
0,02/23/2013,13201,6218,0,1,1,110.1,58.6,56.9,183.8,57.3,86.3
0,06/15/2013,44,522,0,1,1,190.4,100,72.5,183.8,57.3,86.3
0,07/10/2013,12933,33692,1,0,1,190.4,100,72.5,183.8,57.3,86.3
0,09/08/2014,2424,9591,0,1,0,190.4,100,72.5,183.8,57.3,86.3
0,08/14/2010,1799,20702,0,1,1,32.7,13.9,31,45,16.2,38.8
0,04/11/2008,8,11127,0,1,1,248.9,100,100,201.5,53.7,85.5
0,09/26/2008,333,19845,0,1,0,0,100,100,201.5,53.7,85.5
0,10/07/2008,43,3122,0,1,1,0,100,100,201.5,53.7,85.5
0,01/28/2009,4626,66317,0,1,1,243.5,100,100,201.5,53.7,85.5
0,02/05/2009,72,9300,0,0,1,0,100,100,201.5,53.7,85.5
0,03/16/2009,3377,20907,0,1,1,0,100,100,201.5,53.7,85.5
0,03/24/2009,6,4213,0,0,1,0,100,100,201.5,53.7,85.5
0,04/16/2009,12,255,0,1,1,352.5,79.2,86.7,201.5,53.7,85.5
0,06/21/2009,977,3129,0,1,1,0,100,100,201.5,53.7,85.5
0,07/29/2009,415,1722,0,1,1,0,100,100,201.5,53.7,85.5
0,10/02/2009,3136,174285,0,1,1,0,100,100,201.5,53.7,85.5
0,11/03/2009,995,8702,0,1,1,0,100,100,201.5,53.7,85.5
0,02/09/2010,25,23630,0,1,1,0,100,100,201.5,53.7,85.5
0,03/28/2010,23,6517,0,1,1,0,100,100,201.5,53.7,85.5
0,06/09/2010,362,3313,0,1,1,0,100,100,201.5,53.7,85.5
0,08/24/2010,11560,234939,0,1,1,0,100,100,201.5,53.7,85.5
0,10/15/2010,0,7595,0,1,1,0,100,100,201.5,53.7,85.5
0,11/05/2010,812,3214,0,1,0,265.9,50,80,201.5,53.7,85.5
0,04/30/2011,1367,1238,0,0,1,0,100,100,201.5,53.7,85.5
0,05/20/2011,58,387,0,1,0,0,100,100,201.5,53.7,85.5
0,06/04/2011,961,32947,0,1,0,0,100,100,201.5,53.7,85.5
0,08/21/2011,1044,17248,0,1,1,0,100,100,201.5,53.7,85.5
0,06/06/2012,1994,24497,0,1,0,0,100,100,201.5,53.7,85.5
0,09/21/2013,19131,29901,0,1,0,0,100,100,201.5,53.7,85.5
0,11/03/2014,5734,21289,0,1,1,206.2,72.8,85.1,201.5,53.7,85.5
0,11/11/2009,219,769,1,1,1,196,100,70.6,90,1.9,42
0,01/16/2011,986,50052,0,0,1,354.7,95.1,80,218.2,9.4,45.9
0,04/01/2010,550,8788,0,1,1,206.2,72.8,85.1,184.7,43,81.2
0,05/19/2009,6237,13097,0,1,1,232.7,79.6,84.7,234.9,32.8,70.6
0,07/03/2011,4204,6600,0,0,1,206.7,47.6,90.6,206.7,47.6,90.6
0,05/21/2007,814,39210,0,1,1,26,43.4,47.8,26,43.4,47.8
0,05/16/2009,28,33328,0,1,1,30,26.2,32.9,26,43.4,47.8
0,05/18/2011,0,85532,0,1,1,30,26.2,32.9,26,43.4,47.8
0,07/29/2010,993,57827,0,1,1,16.8,82.4,35.7,0,22.8,49.8
0,09/13/2009,8895,28709,0,1,1,206.2,72.8,85.1,190.4,37.1,79.2
0,06/12/2009,2,118160,0,1,1,300,3.8,52.2,300,3.8,51
0,09/12/2008,317,8258,0,1,0,344.7,79.3,81.6,85.7,40.1,61.6
0,01/26/2009,5363,57140,0,1,1,206.1,11.9,76.1,85.7,40.1,61.6
0,02/18/2009,1,826,0,1,1,344.7,79.3,81.6,85.7,40.1,61.6
0,06/27/2009,2616,70021,0,1,1,215,78.7,81.2,85.7,40.1,61.6
0,07/15/2009,357,199321,0,1,1,344.7,79.3,81.6,85.7,40.1,61.6
0,07/30/2009,12216,22009,0,1,1,218.6,100,11,85.7,40.1,61.6
0,09/18/2009,3,616,0,1,1,344.7,79.3,81.6,85.7,40.1,61.6
0,09/23/2009,9,540,0,1,1,344.7,79.3,81.6,85.7,40.1,61.6
0,10/05/2009,38502,17064,1,0,1,344.7,79.3,81.6,85.7,40.1,61.6
0,05/08/2010,347,10587,0,1,1,344.7,79.3,81.6,85.7,40.1,61.6
0,08/12/2010,2253,16267,0,1,1,344.7,79.3,81.6,85.7,40.1,61.6
0,12/31/2010,3697,13257,0,1,1,277.8,67.6,80,85.7,40.1,61.6
0,02/09/2011,3663,47372,0,1,1,344.7,79.3,81.6,85.7,40.1,61.6
0,05/25/2011,42617,42457,0,1,1,344.7,79.3,81.6,85.7,40.1,61.6
0,08/17/2011,335,270065,0,0,1,225,83.1,100,85.7,40.1,61.6
0,09/11/2011,51,8335,0,1,1,344.7,79.3,81.6,85.7,40.1,61.6
0,06/06/2012,313,42694,0,0,1,344.7,79.3,81.6,85.7,40.1,61.6
0,12/02/2012,121,1154,0,0,1,344.7,79.3,81.6,85.7,40.1,61.6
0,12/18/2013,774,2211,0,1,1,344.7,79.3,81.6,85.7,40.1,61.6
0,03/10/2014,141,12094,0,1,1,344.7,79.3,81.6,85.7,40.1,61.6
0,04/30/2009,6975,87872,0,1,1,27.9,96.7,94.9,99,74.1,100
0,04/05/2007,891,40791,0,1,1,12,100,100,183.8,19.3,65.1
0,01/18/2008,5,2607,0,1,1,12,100,100,183.8,19.3,65.1
0,04/28/2008,3819,7518,0,1,1,12,100,100,183.8,19.3,65.1
0,06/17/2008,4,31049,0,1,1,217.9,100,100,183.8,19.3,65.1
0,08/13/2008,5,4502,0,1,1,34.3,70.4,70.2,183.8,19.3,65.1
0,11/11/2008,7387,3073,0,0,1,12,100,100,183.8,19.3,65.1
0,02/24/2009,2795,15788,0,0,1,12,100,100,183.8,19.3,65.1
0,03/03/2009,126,8237,0,1,1,223.9,58.3,45.1,183.8,19.3,65.1
0,03/05/2009,362,51035,0,1,1,212.9,100,100,183.8,19.3,65.1
0,04/27/2009,1855,33411,0,1,1,12,100,100,183.8,19.3,65.1
0,05/18/2009,231,25549,0,1,1,12,100,100,183.8,19.3,65.1
0,10/05/2009,20509,6154,0,1,1,0,0,0,183.8,19.3,65.1
0,02/10/2010,8254,76159,0,0,1,12,100,100,183.8,19.3,65.1
0,03/12/2010,2870,32541,0,0,1,12,100,100,183.8,19.3,65.1
0,03/23/2010,58,1992,0,1,1,206.2,72.8,85.1,183.8,19.3,65.1
0,09/17/2010,0,98857,0,1,1,206.2,72.8,85.1,183.8,19.3,65.1
0,12/23/2010,788,43743,0,1,1,206.2,72.8,85.1,183.8,19.3,65.1
0,05/18/2011,56,1256,0,0,1,12,100,100,183.8,19.3,65.1
0,06/27/2011,2995,14098,0,1,0,12,100,100,183.8,19.3,65.1
0,12/17/2011,363,132,0,0,0,12,100,100,183.8,19.3,65.1
0,03/18/2012,4126,61919,0,1,1,12,100,100,183.8,19.3,65.1
0,06/09/2012,40,12720,0,1,1,196,100,100,183.8,19.3,65.1
0,11/23/2006,3,24581,0,1,1,240,100,100,86.5,63.8,73.7
0,01/19/2007,2636,35824,0,1,1,206.2,72.8,85.1,86.5,63.8,73.7
0,03/27/2007,5,10424,0,1,1,240,100,100,86.5,63.8,73.7
0,04/27/2007,2554,25697,0,1,1,240,100,100,86.5,63.8,73.7
0,07/03/2007,0,12190,0,1,1,240,100,100,86.5,63.8,73.7
0,10/10/2007,105,5006,0,1,1,240,100,100,86.5,63.8,73.7
0,12/19/2007,615,25724,1,1,1,206.2,72.8,85.1,86.5,63.8,73.7
0,02/06/2008,550,66091,0,1,1,240,100,100,86.5,63.8,73.7
0,04/26/2008,0,12788,0,1,1,240,100,100,86.5,63.8,73.7
0,05/17/2008,557,74976,1,1,1,240,100,100,86.5,63.8,73.7
0,06/09/2008,34,3795,0,1,1,180,87,54.1,86.5,63.8,73.7
0,07/23/2008,0,26974,0,1,1,240,100,100,86.5,63.8,73.7
0,11/02/2008,568,363610,0,1,1,240,100,100,86.5,63.8,73.7
0,11/02/2008,568,363610,0,1,1,240,100,100,86.5,63.8,73.7
0,11/04/2008,65,23353,0,1,1,240,100,100,86.5,63.8,73.7
0,06/02/2009,0,105719,0,1,1,240,8.7,18,86.5,63.8,73.7
0,08/07/2009,3815,48986,0,1,1,60.6,97.9,38,86.5,63.8,73.7
0,03/26/2012,1624,2713,0,1,1,206.1,11.9,76.1,272.3,79.2,84.7
0,11/14/2010,2598,17548,0,1,1,51.4,48.8,16.9,154.1,24.3,71
0,08/19/2011,1095,341,0,1,1,249,100,73.3,154.1,24.3,71
0,03/16/2007,13156,112277,0,1,1,60,3,25.9,0,100,56.1
0,05/11/2008,5887,346824,0,1,1,236.9,92.2,100,193,20.2,71.8
0,02/19/2011,0,50918,0,1,1,81.4,59.9,73.3,81.4,59.9,73.3
0,12/08/2009,2786,57187,0,1,1,17.2,75.2,98,240,4.9,63.9
0,09/01/2010,1138,37188,0,1,1,211.1,92.2,60,0,74.7,62
0,02/07/2011,20450,19308,0,1,0,180,84.2,62,300,90.2,63.9
0,04/17/2010,10,14880,0,0,1,300,25.8,82,300,14.1,63.9
0,02/15/2011,7,664,0,1,1,88.3,87.2,55.3,84.6,67.5,90.6
0,10/25/2007,375,3159,0,1,1,196,100,70.6,216.5,32,96.9
0,01/05/2008,172,5288,0,1,1,196,100,70.6,216.5,32,96.9
0,02/13/2008,164,10286,0,0,1,17.2,75.2,98,216.5,32,96.9
0,02/25/2008,17408,143899,0,1,1,199.1,100,70.2,216.5,32,96.9
0,02/25/2008,17408,143899,0,1,1,199.1,100,70.2,216.5,32,96.9
0,02/27/2008,10964,23120,0,1,1,196,100,70.6,216.5,32,96.9
0,03/07/2008,45,19611,0,1,1,196,100,70.6,216.5,32,96.9
0,03/15/2008,14800,200555,0,1,0,351.9,30.2,96.1,216.5,32,96.9
0,04/28/2008,1780,16846,0,1,1,196,100,70.6,216.5,32,96.9
0,10/07/2008,608,20774,0,1,1,196,100,70.6,216.5,32,96.9
0,11/12/2008,42165,1111596,0,1,1,196,100,70.6,216.5,32,96.9
0,11/13/2008,17,26140,0,1,1,196,100,70.6,216.5,32,96.9
0,12/22/2008,3549,19395,0,1,1,196,100,70.6,216.5,32,96.9
0,01/25/2009,155,2055,0,1,1,196,100,70.6,216.5,32,96.9
0,02/07/2009,1328,8685,0,1,1,196,100,70.6,216.5,32,96.9
0,02/07/2009,67,202,0,1,1,196,100,70.6,216.5,32,96.9
0,02/17/2009,256,34731,0,1,1,196,100,70.6,216.5,32,96.9
0,02/17/2009,5,23626,0,1,1,196,100,70.6,216.5,32,96.9
0,02/22/2009,112,119,0,1,1,196,100,70.6,216.5,32,96.9
0,03/25/2009,1044,166337,0,1,1,196,100,70.6,216.5,32,96.9
0,04/05/2009,4423,15588,0,1,1,196,100,70.6,216.5,32,96.9
0,04/17/2009,215,15127,0,1,1,196,100,70.6,216.5,32,96.9
0,04/17/2009,215,15127,0,1,1,196,100,70.6,216.5,32,96.9
0,04/26/2009,15475,9849,0,1,1,196,100,70.6,216.5,32,96.9
0,05/02/2009,783,4828,0,1,1,196.5,62.7,43.1,216.5,32,96.9
0,05/05/2009,34,101091,6,1,1,196,100,70.6,216.5,32,96.9
0,05/14/2009,1318,8867,0,0,1,227.9,100,70.2,216.5,32,96.9
0,05/19/2009,780,16926,0,0,1,196,100,70.6,216.5,32,96.9
0,08/24/2009,183,473,0,1,0,196,100,70.6,216.5,32,96.9
0,09/29/2009,7739,7783,1,1,1,196,100,70.6,216.5,32,96.9
0,10/10/2009,22666,176108,0,1,1,196,100,70.6,216.5,32,96.9
0,11/02/2009,1373,6652,0,1,1,196,100,70.6,216.5,32,96.9
0,11/23/2009,2,1426,0,1,1,196,100,70.6,216.5,32,96.9
0,12/10/2009,2198,17391,0,1,1,196,100,70.6,216.5,32,96.9
0,01/07/2010,24804,50065,0,1,1,196,100,70.6,216.5,32,96.9
0,01/21/2010,16,22112,0,0,1,196,100,70.6,216.5,32,96.9
0,01/21/2010,16,22099,0,0,1,196,100,70.6,216.5,32,96.9
0,03/02/2010,13,602,0,1,0,196,100,70.6,216.5,32,96.9
0,03/17/2010,9500,29681,0,1,1,196,100,70.6,216.5,32,96.9
0,04/11/2010,49,598,0,1,1,196,100,70.6,216.5,32,96.9
0,04/29/2010,170,2112,0,1,1,196,100,70.6,216.5,32,96.9
0,05/28/2010,4204,4417,0,1,1,198.9,42.2,67.8,216.5,32,96.9
0,06/03/2010,1648,11695,0,1,1,220.2,83,60,216.5,32,96.9
0,06/18/2010,2456,23473,1,1,1,196,100,70.6,216.5,32,96.9
0,07/05/2010,1662,18259,0,1,1,196,100,70.6,216.5,32,96.9
0,07/22/2010,468,80185,1,1,1,196,100,70.6,216.5,32,96.9
0,08/07/2010,104,8110,0,0,1,196,100,70.6,216.5,32,96.9
0,08/07/2010,104,8110,0,0,1,196,100,70.6,216.5,32,96.9
0,09/19/2010,55294,46223,0,1,1,37.9,96.2,72.9,216.5,32,96.9
0,10/01/2010,377,107738,0,1,0,196,100,70.6,216.5,32,96.9
0,10/09/2010,139,81238,0,1,1,196,100,70.6,216.5,32,96.9
0,10/22/2010,1,654,0,1,0,196,100,70.6,216.5,32,96.9
0,10/26/2010,2554,22659,0,1,1,26,94,98,216.5,32,96.9
0,11/28/2010,907,7813,0,1,0,196,100,70.6,216.5,32,96.9
0,01/13/2011,2,1066,0,1,1,196,100,70.6,216.5,32,96.9
0,01/14/2011,28049,14601,0,0,1,196,100,70.6,216.5,32,96.9
0,01/18/2011,8,43278,0,1,1,196,100,70.6,216.5,32,96.9
0,01/18/2011,388,15942,0,1,1,196,100,70.6,216.5,32,96.9
0,02/04/2011,2539,5884,0,1,1,141,92.4,62,216.5,32,96.9
0,03/09/2011,6432,20618,0,0,0,196,100,70.6,216.5,32,96.9
0,03/17/2011,759,25105,0,1,1,196,100,70.6,216.5,32,96.9
0,04/05/2011,154539,40771,0,1,1,0,0,0,216.5,32,96.9
0,04/22/2011,42506,34522,0,0,1,265.9,50,80,216.5,32,96.9
0,04/23/2011,2723,3385,0,1,1,196,100,70.6,216.5,32,96.9
0,06/16/2011,433,3643,0,1,1,196,100,70.6,216.5,32,96.9
0,07/07/2011,39,181,0,0,0,196,100,70.6,216.5,32,96.9
0,07/12/2011,1363,18516,0,0,1,196,100,70.6,216.5,32,96.9
0,08/02/2011,86,4168,0,1,1,196,100,70.6,216.5,32,96.9
0,08/18/2011,2759,37764,0,1,1,352.5,79.2,86.7,216.5,32,96.9
0,08/26/2011,593,26729,0,1,1,196,100,70.6,216.5,32,96.9
0,09/07/2011,4182,15081,0,1,0,196,100,70.6,216.5,32,96.9
0,09/24/2011,4271,19195,0,0,1,196,100,70.6,216.5,32,96.9
0,09/27/2011,2779,4718,0,1,1,206.2,72.8,85.1,216.5,32,96.9
0,10/07/2011,16332,59979,0,1,1,196,100,70.6,216.5,32,96.9
0,10/14/2011,3335,60354,0,0,1,196,100,70.6,216.5,32,96.9
0,10/16/2011,419,288,0,0,1,196,100,70.6,216.5,32,96.9
0,11/08/2011,264,582,0,0,1,196,100,70.6,216.5,32,96.9
0,11/18/2011,3425,7844,0,1,1,122.1,95,94.1,216.5,32,96.9
0,03/01/2012,19476,104574,0,1,1,196,100,70.6,216.5,32,96.9
0,05/21/2012,7336,5446,0,1,1,0,85.1,92.2,216.5,32,96.9
0,06/30/2012,154,508,0,1,0,196,100,70.6,216.5,32,96.9
0,07/01/2012,14122,35472,1,1,1,196,100,70.6,216.5,32,96.9
0,12/19/2012,33017,84135,0,0,0,196,100,70.6,216.5,32,96.9
0,01/01/2013,10900,24200,1,0,1,196,100,70.6,216.5,32,96.9
0,10/11/2013,11,1731,0,0,1,196,100,70.6,216.5,32,96.9
0,01/27/2014,4573,3672,0,1,0,196,100,70.6,216.5,32,96.9
0,06/10/2014,4437,4927,0,1,1,196,100,70.6,216.5,32,96.9
0,05/29/2015,50410,29333,0,1,1,196,100,70.6,216.5,32,96.9
0,01/17/2009,104,12103,0,1,1,110.1,58.6,56.9,213.2,31,96.1
0,08/14/2009,971,34658,0,1,1,355.1,96.1,90.2,351.4,4,67.8
0,01/22/2009,0,33242,0,1,1,233.8,72.5,31.4,224.7,21.4,86.3
0,03/17/2009,1750,125755,0,1,1,206,45.2,98,207.4,21,85.9
0,08/06/2010,5,962,0,1,1,41.1,65.5,22.7,26.5,57.6,69.4
0,11/05/2009,2443,8429,0,1,1,240,100,100,28.2,63.9,70.6
0,01/14/2008,576,38919,0,1,1,206.1,11.9,76.1,0,0,71
0,01/20/2010,75,18808,0,1,1,0,94.7,82,31.2,96.2,72.2
0,12/03/2008,406,20257,0,1,1,355.2,98.3,90.6,281.5,6.8,74.5
0,05/08/2009,34606,168388,0,1,1,106.2,84,95.3,54.7,36.6,72.9
0,05/08/2009,34580,168342,0,1,1,106.2,84,95.3,54.7,36.6,72.9
0,05/15/2009,62,1869,0,1,1,31.7,50.7,27.8,57.1,98.9,73.7
0,09/02/2009,125,1169,0,1,1,49.9,98.6,54.1,57.1,98.9,73.7
0,11/18/2010,5768,16305,0,1,1,49.9,98.6,54.1,57.1,98.9,73.7
0,06/01/2008,10660,2151,0,1,1,196,100,70.6,99.6,21.4,86.3
0,07/07/2008,314,911,0,1,1,196,100,70.6,99.6,21.4,86.3
0,10/06/2008,111,4003,0,1,1,196,100,70.6,99.6,21.4,86.3
0,10/27/2008,42,32124,0,1,1,196,100,70.6,99.6,21.4,86.3
0,01/13/2009,1119,22889,1,1,1,196,100,70.6,99.6,21.4,86.3
0,01/16/2009,950,2756,0,1,1,196,100,70.6,99.6,21.4,86.3
0,01/19/2009,199,10650,0,1,1,196,100,70.6,99.6,21.4,86.3
0,01/29/2009,4,388,0,0,1,196,100,70.6,99.6,21.4,86.3
0,02/24/2009,58,34364,0,1,1,352.5,79.2,86.7,99.6,21.4,86.3
0,03/13/2009,6001,16468,0,1,1,196,100,70.6,99.6,21.4,86.3
0,03/17/2009,555,4058,0,1,1,196,100,70.6,99.6,21.4,86.3
0,03/23/2009,34,39332,1,1,0,196,100,70.6,99.6,21.4,86.3
0,03/24/2009,69,577,0,0,1,196,100,70.6,99.6,21.4,86.3
0,04/07/2009,3462,116987,0,1,1,196,100,70.6,99.6,21.4,86.3
0,04/13/2009,53,785,0,1,1,229,100,70.6,99.6,21.4,86.3
0,05/20/2009,13739,56989,0,1,1,152.9,94.4,56.1,99.6,21.4,86.3
0,05/20/2009,13739,56989,0,1,1,152.9,94.4,56.1,99.6,21.4,86.3
0,05/24/2009,806,118878,0,1,1,352.5,79.2,86.7,99.6,21.4,86.3
0,06/04/2009,421,10677,0,1,1,196,100,70.6,99.6,21.4,86.3
0,06/17/2009,12,28078,0,1,1,195.9,96,87.8,99.6,21.4,86.3
0,06/29/2009,171,13552,0,0,1,196,100,70.6,99.6,21.4,86.3
0,07/08/2009,700,33179,1,1,1,196,100,70.6,99.6,21.4,86.3
0,07/14/2009,1634,13036,0,1,1,196,100,70.6,99.6,21.4,86.3
0,07/16/2009,2713,33147,0,0,1,196,100,70.6,99.6,21.4,86.3
0,08/01/2009,39,7850,0,1,1,196,100,70.6,99.6,21.4,86.3
0,08/14/2009,12,8278,0,1,1,196,100,70.6,99.6,21.4,86.3
0,08/21/2009,4711,15471,0,1,1,236.9,100,100,99.6,21.4,86.3
0,08/26/2009,142,199740,0,1,1,196,100,70.6,99.6,21.4,86.3
0,10/02/2009,319,17008,0,1,1,196,100,70.6,99.6,21.4,86.3
0,10/21/2009,27773,135722,0,1,1,196,100,70.6,99.6,21.4,86.3
0,12/03/2009,359,69290,0,1,1,196,100,70.6,99.6,21.4,86.3
0,01/19/2010,2880,4664,0,1,1,211.2,87.2,58,99.6,21.4,86.3
0,01/19/2012,35,3026,0,1,1,196,100,70.6,99.6,21.4,86.3
0,04/19/2012,2667,66098,0,1,1,196,100,70.6,99.6,21.4,86.3
0,10/31/2012,4003,16826,0,0,1,196,100,70.6,99.6,21.4,86.3
0,12/04/2012,776,58452,0,1,1,196,100,70.6,99.6,21.4,86.3
0,08/26/2013,0,1282,0,1,0,196,100,70.6,99.6,21.4,86.3
0,09/08/2013,177,105395,0,1,1,196,100,70.6,99.6,21.4,86.3
1,02/28/2011,3509,45763,0,0,1,190.4,100,72.5,0,0,0
1,05/30/2010,8125,36367,0,1,1,265.9,50,80,0,0,0
1,06/16/2010,3669,17144,0,0,0,0,0,0,0,0,0
1,03/13/2009,1245,9782,0,1,1,0,33.3,5.9,113.3,90,31.4
1,07/23/2011,5196,4737,0,0,1,8.9,94.7,81.2,76.3,92.2,25.1
1,04/15/2009,1080,86887,0,1,1,60,83.3,18.8,60,92.2,25.1
1,10/07/2011,6409,9024,0,1,1,0,0,0,47.2,93.8,31.4
1,04/07/2009,3734,13310,0,1,1,0,0,56.1,60,93.8,31.4
1,09/18/2009,96,372,0,1,1,170.1,89.3,29.4,0,100,50.2
1,07/01/2013,29566,28053,0,0,1,177.7,90.3,56.9,52.2,96.1,50.2
1,09/03/2009,1641,13604,0,1,1,204,83.3,56.5,240,50,18.8
1,05/28/2011,4501,53515,0,1,1,24.1,68.3,47.1,228,37.7,20.8
1,01/07/2010,446,41114,0,1,1,289.8,24.1,86.3,0,0,13.3
1,09/04/2012,11439,10749,0,0,1,351.9,30.2,96.1,260.8,72.1,26.7
1,05/26/2010,951,93353,0,1,1,47,76.3,76.1,187.1,64.8,41.2
1,11/29/2009,301,443,0,1,0,36.5,90.2,67.8,121.1,53.3,41.2
1,09/23/2012,22098,10506,0,0,1,146.7,60,100,178.3,67.3,60
1,03/16/2009,4,7430,0,1,1,0,0,40,0,0,20
1,09/29/2009,1863,9413,0,1,1,176.8,85.8,69,0,0,20
1,05/06/2012,753,28770,0,0,0,40.3,88.9,99.2,0,0,21.6
1,02/28/2009,2459,67919,0,1,1,68.1,89.2,91,143.1,57.8,52.9
1,10/19/2007,101,12479,0,1,1,14.2,96.4,32.5,140.8,41.5,46.3
1,06/27/2012,10487,4343,0,1,1,192.7,56.4,85.5,330,5.7,27.5
1,03/06/2012,6084,20314,0,1,1,180,70.5,65.1,180,40,47.1
1,08/10/2011,10936,54893,0,1,1,307.1,83.3,87.1,272.8,100,58
1,02/04/2009,2734,10447,0,0,1,85,87.6,56.9,0,3.6,32.9
1,12/08/2012,2560,2217,1,1,1,228.9,17.6,60,335.1,100,34.9
1,03/31/2009,20353,38588,0,1,1,36.1,60,90.2,296.6,33.3,41.2
1,03/19/2009,483,56352,0,1,1,109.9,36.3,83.1,0,0,41.2
1,06/24/2012,20647,3640,0,0,0,353.7,87.5,59.6,0,0,41.2
1,04/29/2013,17534,24709,0,1,1,213,43,81.2,0,0,41.2
1,03/03/2011,1149,4172,0,0,1,0,0,45.1,0,0,45.1
1,12/24/2011,1631,7864,0,1,1,52.6,40.1,63.5,0,0,0
1,10/12/2010,2130,110801,0,1,1,352.9,72.9,100,0,0,0
1,04/08/2009,179,13247,0,1,1,350.8,10.7,47.8,0,0,0
1,09/04/2009,538,8376,0,1,1,201,89.2,98,186,100,3.9
1,07/23/2012,7749,7834,0,0,0,341,32.9,94.1,222.8,100,36.9
1,03/05/2009,14031,82646,0,0,1,14.9,92,92.9,177,100,94.9
1,04/07/2009,5577,22738,0,0,1,303.9,97,92.9,180,100,100
1,04/25/2009,2799,26517,0,1,1,0,0,0,217.9,98.3,45.5
1,02/07/2008,128,8787,0,1,1,114.4,87.6,38,123,93,16.9
1,09/06/2009,4101,194607,0,1,1,54.1,91.1,96.9,190.1,98,100
1,06/06/2010,365,5090,0,1,1,324.1,100,72.2,183,76.9,10.2
1,04/27/2009,286,51830,1,1,1,60,93.8,31.4,160,30,3.9
1,03/12/2008,59,1335,0,1,1,245.3,92.4,67.1,137,90.2,32.2
1,12/08/2009,1175,25571,0,1,1,236.9,100,100,207.9,96,87.8
1,10/08/2011,12122,11968,0,1,1,122,91.1,92.2,170,96.2,92.9
1,11/15/2009,442,227389,0,1,1,180,65.3,87.1,300,80,3.9
1,08/20/2009,1036,5591,0,0,1,300,6.7,5.9,0,10,3.9
1,04/05/2011,10709,8756,0,1,0,243.8,59.8,82,0,0,3.9
1,11/01/2011,2,1869,0,1,0,215.9,61.3,74.9,156,90.9,43.1
1,10/13/2010,2,983,0,1,1,300.7,96.5,33.7,196.9,95.9,94.5
1,02/01/2012,7769,19979,0,1,1,334.6,99,74.9,180,20,5.9
1,06/21/2011,6916,13240,0,1,1,60,93.8,31.4,279,100,7.8
1,06/04/2011,1739,52657,0,0,1,129,77.8,74.1,335,92.3,5.1
1,09/23/2008,19,1782,0,1,1,349.8,95.2,72.9,337.5,61.5,5.1
1,05/29/2011,1180,10159,0,1,1,0,0,60,0,7.7,5.1
1,03/04/2011,1409,22917,0,0,1,198.9,46.3,16.1,60,30.8,5.1
1,05/18/2011,55,3106,0,1,1,280,88,94.9,60,7.7,5.1
1,12/29/2010,110,12891,1,0,0,180,88.1,42.7,180,88.9,49.4
1,01/14/2012,13,837,0,1,1,300,10,3.9,300,6.7,5.9
1,11/22/2010,5714,2554,0,1,1,196.1,90.8,98,200,94.1,100
1,12/06/2009,1052,7380,0,1,1,206.1,11.9,76.1,169.1,92.1,74.9
1,03/09/2009,5209,17970,0,0,1,175.1,96.2,94.1,170.1,93,94.9
1,10/15/2011,675,13330,0,1,1,20,34.6,85.1,175.5,89.9,69.8
1,01/23/2011,1016,13229,0,1,1,267.8,87.7,85.9,220.2,90.8,81.2
1,03/30/2009,5587,23213,0,1,1,178.1,93,94.9,180,92.1,94.1
1,04/22/2009,714,2691,0,1,1,344.3,75,36.1,211.8,71,27.1
1,06/02/2009,1966,42504,0,1,1,359.4,100,72.9,228.6,50,16.5
1,05/30/2011,2757,25017,0,1,1,300,85.2,74.1,200,11.5,10.2
1,09/04/2008,52438,53382,0,1,1,194.1,80.3,93.7,220,20,11.8
1,02/02/2009,0,481,0,1,1,194.1,80.3,93.7,220,20,11.8
1,02/18/2009,672,29944,0,1,1,194.1,80.3,93.7,220,20,11.8
1,04/30/2009,677,43657,0,1,1,194.1,80.3,93.7,220,20,11.8
1,06/09/2009,1204,4009,1,1,1,194.1,80.3,93.7,220,20,11.8
1,06/16/2009,456,7916,0,1,1,186.9,80.2,92.9,220,20,11.8
1,06/29/2009,545,697,0,1,1,194.1,80.3,93.7,220,20,11.8
1,07/03/2009,186,37443,0,1,1,194.1,80.3,93.7,220,20,11.8
1,07/16/2009,1528,25380,0,1,1,265.9,50,80,220,20,11.8
1,07/16/2009,1528,25379,0,1,1,265.9,50,80,220,20,11.8
1,07/17/2009,1372,14014,0,1,1,194.1,80.3,93.7,220,20,11.8
1,07/18/2009,12081,18258,0,1,1,34.4,93.8,31.4,220,20,11.8
1,08/14/2009,207,369,0,1,1,300,80.2,92.9,220,20,11.8
1,09/07/2009,9510,17008,0,1,1,194.1,80.3,93.7,220,20,11.8
1,10/26/2009,1094,9459,0,1,1,194.1,80.3,93.7,220,20,11.8
1,12/21/2009,2099,4943,0,0,0,194.1,80.3,93.7,220,20,11.8
1,01/27/2010,14142,49424,1,1,1,17.2,75.2,98,220,20,11.8
1,02/13/2010,9626,16328,0,1,1,194.1,80.3,93.7,220,20,11.8
1,02/16/2010,0,56,0,1,0,194.1,80.3,93.7,220,20,11.8
1,03/08/2010,4615,101859,0,0,0,194.1,80.3,93.7,220,20,11.8
1,04/11/2010,24,1571,0,0,1,194.1,80.3,93.7,220,20,11.8
1,05/21/2010,6929,50395,0,1,1,194.1,80.3,93.7,220,20,11.8
1,06/18/2010,3280,7308,0,1,1,60,93.7,18.8,220,20,11.8
1,09/23/2010,93,306,0,1,1,194.1,80.3,93.7,220,20,11.8
1,09/26/2010,478,37842,0,1,1,194.1,80.3,93.7,220,20,11.8
1,09/27/2010,586,9565,0,1,1,194.1,80.3,93.7,220,20,11.8
1,09/27/2010,586,9565,0,1,1,194.1,80.3,93.7,220,20,11.8
1,11/24/2010,428,2252,0,1,1,194.1,80.3,93.7,220,20,11.8
1,12/07/2010,1359,3599,1,1,1,42.8,69.8,100,220,20,11.8
1,12/27/2010,599,636,0,1,1,194.1,80.3,93.7,220,20,11.8
1,03/10/2011,3055,11062,0,1,1,194.1,80.3,93.7,220,20,11.8
1,03/12/2011,3535,4814,0,1,1,181.9,92.3,92.2,220,20,11.8
1,03/17/2011,207,225635,0,1,1,194.1,80.3,93.7,220,20,11.8
1,03/17/2011,207,225635,0,1,1,194.1,80.3,93.7,220,20,11.8
1,03/19/2011,6540,13371,0,1,1,194.1,80.3,93.7,220,20,11.8
1,04/07/2011,27,45847,0,0,1,194.1,80.3,93.7,220,20,11.8
1,04/29/2011,42,1159,0,1,1,194.1,80.3,93.7,220,20,11.8
1,05/10/2011,1027,20727,0,0,1,194.1,80.3,93.7,220,20,11.8
1,06/05/2011,21794,26177,0,0,1,194.1,80.3,93.7,220,20,11.8
1,06/24/2011,4629,29456,2,1,1,194.1,80.3,93.7,220,20,11.8
1,06/27/2011,833,1464,1,1,0,194.1,80.3,93.7,220,20,11.8
1,08/25/2011,4244,9820,0,1,1,112.7,80.2,92.9,220,20,11.8
1,09/24/2011,435,19153,0,1,1,194.1,80.3,93.7,220,20,11.8
1,09/24/2011,435,19152,0,1,1,194.1,80.3,93.7,220,20,11.8
1,10/18/2011,8605,12158,0,0,1,194.1,80.3,93.7,220,20,11.8
1,11/10/2011,4720,4415,0,1,1,194.1,80.3,93.7,220,20,11.8
1,01/15/2012,0,2396,0,1,1,194.1,80.3,93.7,220,20,11.8
1,01/24/2012,20,227,0,0,0,194.1,80.3,93.7,220,20,11.8
1,01/24/2012,20,227,0,0,0,194.1,80.3,93.7,220,20,11.8
1,07/21/2012,4716,9006,0,0,1,194.1,80.3,93.7,220,20,11.8
1,08/15/2012,11509,14718,0,1,1,194.1,80.3,93.7,220,20,11.8
1,09/25/2012,10340,15949,0,1,0,194.1,80.3,93.7,220,20,11.8
1,09/28/2012,3750,11200,0,1,1,194.1,80.3,93.7,220,20,11.8
1,10/21/2012,42451,22365,0,1,1,194.3,17.2,47.8,220,20,11.8
1,11/06/2012,759,19427,0,0,1,194.1,80.3,93.7,220,20,11.8
1,12/29/2012,10223,26876,0,0,1,194.1,80.3,93.7,220,20,11.8
1,01/01/2013,17929,26740,0,1,1,194.1,80.3,93.7,220,20,11.8
1,03/18/2013,12384,20242,0,1,1,194.1,80.3,93.7,220,20,11.8
1,04/12/2013,560,930,0,0,0,194.1,80.3,93.7,220,20,11.8
1,05/18/2013,6019,4951,0,1,0,194.1,80.3,93.7,220,20,11.8
1,07/28/2013,968,1183,0,1,1,250.1,100,67.8,220,20,11.8
1,02/11/2014,585,4534,0,0,0,194.1,80.3,93.7,220,20,11.8
1,02/23/2014,6981,3713,0,1,1,352.5,79.2,86.7,220,20,11.8
1,07/15/2014,6302,3057,0,1,1,0,20,90.2,220,20,11.8
1,12/04/2014,14224,20137,0,1,1,194.1,80.3,93.7,220,20,11.8
1,03/11/2009,13034,13698,0,0,1,300,90.2,80,90,7.7,10.2
1,07/02/2011,45,12972,0,0,1,206.1,11.9,76.1,176.9,87.8,87.1
1,11/20/2009,179,320,0,1,1,109.9,36.3,83.1,80,9.7,12.2
1,10/30/2009,992,57126,0,0,1,196,100,70.6,200.5,57.7,27.8
1,04/11/2009,7847,17221,0,1,1,206.2,72.8,85.1,185.5,25.6,16.9
1,07/31/2009,365,59008,0,1,1,206.8,25.2,87.1,203.6,65.6,36.5
1,01/04/2010,294,330,0,1,1,351.9,30.2,96.1,280.7,66.7,16.5
1,06/07/2010,1770,11957,0,1,1,0,0,0,72,79.5,17.3
1,06/29/2010,2542,66676,0,0,1,303.9,100,60,300,73.9,18
1,03/04/2008,473,2973,0,1,1,156,65.7,38.8,195,80,100
1,02/23/2010,15,52382,0,1,1,331.1,78.8,94.1,122,68.6,68.6
1,02/25/2011,8304,18209,0,1,1,0,0,13.3,186.5,75.8,95.7
1,09/24/2008,22,3381,0,1,1,1.4,98.3,69,359,93.5,24.3
1,05/22/2012,8723,9527,0,1,1,265.9,50,80,270,17.6,26.7
1,04/09/2009,18918,6597,0,1,1,204.1,71.1,92.2,241.9,76.9,94.9
1,06/21/2013,3411,11705,0,1,1,0,0,0,184.7,71,85.1
1,01/30/2008,1048,3696,0,1,1,215.4,51.3,93.3,231,63.8,73.7
1,09/30/2011,5737,32709,0,1,1,19.6,39.4,94.5,328,21.4,27.5
1,03/19/2009,1415,53709,0,1,1,265.9,50,80,285,21.6,29
1,11/04/2011,198,919,0,1,1,225.9,61.7,75.7,225.9,61.7,75.7
1,01/03/2012,562,3079,0,1,1,184.3,7.1,77.6,225.9,61.7,75.7
1,08/04/2012,5727,31060,0,1,1,265.9,50,80,225.9,61.7,75.7
1,07/05/2009,229,12217,0,1,1,0,20.5,61.2,0,97.3,29.4
1,04/29/2011,1571,30146,0,1,1,189.1,92,92.9,36,46.1,29.8
1,05/08/2010,21,710,0,1,1,278,65.2,72.2,213.5,57.8,70.6
1,10/20/2010,563,60759,0,0,1,124,91.5,32.2,260.9,90.2,76.1
1,08/29/2009,57979,17545,0,1,1,328,84.9,83.1,0,86.6,32.2
1,03/17/2009,4800,8515,0,1,1,274.1,100,100,259.4,90.7,84.3
1,06/04/2009,6,109435,0,1,1,0,88,84.7,0,87.4,34.1
1,04/27/2011,17090,3562,0,0,0,174,59.9,85.1,331.6,21.8,34.1
1,05/28/2009,497,33588,0,1,1,351.9,30.2,96.1,300,83.7,36.1
1,09/06/2011,11019,25783,0,0,1,328.1,72,83.9,0,0,36.1
1,03/31/2008,15,50632,0,1,1,190.4,100,72.5,183.8,57.3,86.3
1,06/02/2008,47,33565,0,1,1,190.4,100,72.5,183.8,57.3,86.3
1,01/20/2009,22,25372,0,1,1,190.4,100,72.5,183.8,57.3,86.3
1,02/18/2009,62,697,0,1,1,225,96.3,94.5,183.8,57.3,86.3
1,03/13/2009,3859,5428,0,0,1,190.4,100,72.5,183.8,57.3,86.3
1,03/14/2009,2626,19551,0,1,1,190.4,100,72.5,183.8,57.3,86.3
1,03/17/2009,38,153643,0,1,1,190.4,100,72.5,183.8,57.3,86.3
1,03/26/2009,390,2874,1,1,1,190.4,100,72.5,183.8,57.3,86.3
1,04/03/2009,617,1686,0,1,1,190.4,100,72.5,183.8,57.3,86.3
1,04/05/2009,8001,8291,0,1,1,0,0,0,183.8,57.3,86.3
1,04/24/2009,171,13054,0,1,1,351.9,30.2,96.1,183.8,57.3,86.3
1,05/04/2009,1403,6356,0,1,1,190.4,100,72.5,183.8,57.3,86.3
1,05/04/2009,353,5364,0,1,1,190.4,100,72.5,183.8,57.3,86.3
1,05/19/2009,1,866,0,1,1,190.1,100,72.5,183.8,57.3,86.3
1,07/21/2009,286,737,0,1,1,190.4,100,72.5,183.8,57.3,86.3
1,07/26/2009,112,11428,0,1,1,265.9,50,80,183.8,57.3,86.3
1,08/08/2009,1080,23703,0,1,1,190.4,100,72.5,183.8,57.3,86.3
1,08/26/2009,1188,16267,0,1,1,190.4,100,72.5,183.8,57.3,86.3
1,09/03/2009,208,12248,0,1,1,190.4,100,72.5,183.8,57.3,86.3
1,09/04/2009,188,998,0,1,1,190.4,100,72.5,183.8,57.3,86.3
1,10/24/2009,2981,21643,0,1,0,265.9,50,80,183.8,57.3,86.3
1,12/10/2009,299,2955,0,1,0,190.4,100,72.5,183.8,57.3,86.3
1,02/07/2010,3658,143411,1,1,1,109.9,36.3,83.1,183.8,57.3,86.3
1,04/16/2010,13690,11071,0,0,1,190.4,100,72.5,183.8,57.3,86.3
1,04/29/2010,828,84748,0,1,1,190.4,100,72.5,183.8,57.3,86.3
1,06/01/2010,1159,8233,0,1,1,190.4,100,72.5,183.8,57.3,86.3
1,07/02/2010,2,424,0,1,1,190.4,100,72.5,183.8,57.3,86.3
1,07/05/2010,37,3017,0,1,1,190.4,100,72.5,183.8,57.3,86.3
1,07/21/2010,1731,1219,0,1,1,340.1,93.9,70.6,183.8,57.3,86.3
1,09/08/2010,3683,4790,0,1,1,190.4,100,72.5,183.8,57.3,86.3
1,12/02/2010,757,61438,0,1,1,190.4,100,72.5,183.8,57.3,86.3
1,01/13/2011,432,318,0,1,1,190.4,100,72.5,183.8,57.3,86.3
1,01/16/2011,4902,9131,0,0,1,190.4,100,72.5,183.8,57.3,86.3
1,02/08/2011,6197,11443,0,0,0,190.4,100,72.5,183.8,57.3,86.3
1,06/24/2011,1337,7297,0,0,1,190.4,100,72.5,183.8,57.3,86.3
1,07/10/2011,1265,5580,0,0,0,190.4,100,72.5,183.8,57.3,86.3
1,07/25/2011,10840,35328,0,1,1,324,98,98,183.8,57.3,86.3
1,07/25/2011,59,6353,0,1,0,190.4,100,72.5,183.8,57.3,86.3
1,08/06/2011,24702,34526,0,1,1,190.4,100,72.5,183.8,57.3,86.3
1,08/19/2011,199,12086,0,1,1,190.4,100,72.5,183.8,57.3,86.3
1,08/20/2011,15965,29324,0,1,1,190.4,100,72.5,183.8,57.3,86.3
1,09/01/2011,1236,14714,0,1,1,190.4,100,72.5,183.8,57.3,86.3
1,09/17/2011,4709,9206,1,1,1,190.4,100,72.5,183.8,57.3,86.3
1,10/12/2011,4233,12498,0,0,0,340.1,93.9,70.6,183.8,57.3,86.3
1,11/12/2011,5829,12556,0,0,1,190.4,100,72.5,183.8,57.3,86.3
1,12/23/2011,829,1474,0,1,0,190.4,100,72.5,183.8,57.3,86.3
1,12/28/2011,5167,3747,0,1,0,190.4,100,72.5,183.8,57.3,86.3
1,01/26/2012,12,69596,0,1,1,190.4,100,72.5,183.8,57.3,86.3
1,01/30/2012,1022,5610,0,1,1,340.1,93.9,70.6,183.8,57.3,86.3
1,03/04/2012,893,12425,0,1,1,190.4,100,72.5,183.8,57.3,86.3
1,03/15/2012,5339,15974,0,0,1,190.4,100,72.5,183.8,57.3,86.3
1,04/10/2012,2973,8802,0,1,1,190.4,100,72.5,183.8,57.3,86.3
1,04/26/2012,30417,21819,0,1,1,190.4,100,72.5,183.8,57.3,86.3
1,07/01/2012,12382,8164,0,0,0,190.4,100,72.5,183.8,57.3,86.3
1,07/17/2012,7333,13409,0,1,1,190.4,100,72.5,183.8,57.3,86.3
1,07/23/2012,3293,7053,0,0,1,190.4,100,72.5,183.8,57.3,86.3
1,09/16/2012,393,2134,0,1,1,190.4,100,72.5,183.8,57.3,86.3
1,11/04/2012,16414,22767,0,1,1,190.4,100,72.5,183.8,57.3,86.3
1,11/09/2012,7655,19524,0,1,1,190.4,100,72.5,183.8,57.3,86.3
1,12/15/2012,3432,2890,0,0,1,190.4,100,72.5,183.8,57.3,86.3
1,02/18/2013,4578,4802,0,1,0,190.4,100,72.5,183.8,57.3,86.3
1,03/22/2013,2178,9640,0,1,0,190.4,100,72.5,183.8,57.3,86.3
1,05/22/2013,1463,828,0,1,1,190.4,100,72.5,183.8,57.3,86.3
1,09/06/2013,16204,41759,0,1,1,190.4,100,72.5,183.8,57.3,86.3
1,12/09/2013,44446,57897,0,1,1,190.4,100,72.5,183.8,57.3,86.3
1,01/01/2014,7775,735,0,0,0,190.4,100,72.5,183.8,57.3,86.3
1,04/21/2014,90747,35514,0,1,0,190.4,100,72.5,183.8,57.3,86.3
1,04/17/2009,67,1832,0,1,1,35.5,30.3,56.9,33.2,38,39.2
1,03/22/2008,22710,51112,0,1,1,300,100,60,201.5,53.7,85.5
1,01/08/2009,5329,27292,0,1,1,0,100,100,201.5,53.7,85.5
1,01/10/2009,34,19037,0,1,1,206.2,72.8,85.1,201.5,53.7,85.5
1,01/29/2009,2868,56376,0,1,1,0,100,100,201.5,53.7,85.5
1,01/29/2009,2539,12791,0,1,1,0,100,100,201.5,53.7,85.5
1,01/31/2009,562,4936,0,1,1,0,100,100,201.5,53.7,85.5
1,02/06/2009,849,1866,0,0,1,0,100,100,201.5,53.7,85.5
1,02/07/2009,5797,14450,0,0,1,0,100,100,201.5,53.7,85.5
1,02/13/2009,102,76241,0,1,1,0,100,100,201.5,53.7,85.5
1,02/15/2009,2,474,0,1,1,0,100,100,201.5,53.7,85.5
1,03/15/2009,136,18987,0,1,1,0,100,100,201.5,53.7,85.5
1,03/23/2009,14,2401,0,1,1,0,100,100,201.5,53.7,85.5
1,03/23/2009,410,645,0,0,1,0,100,100,201.5,53.7,85.5
1,03/25/2009,4,95348,0,1,1,0,100,100,201.5,53.7,85.5
1,04/16/2009,1032,1637,0,0,1,0,100,100,201.5,53.7,85.5
1,04/27/2009,524,1517,0,1,1,276,81.7,60,201.5,53.7,85.5
1,04/27/2009,375,9082,0,1,1,0,100,100,201.5,53.7,85.5
1,05/18/2009,2103,7021,0,1,0,0,100,100,201.5,53.7,85.5
1,05/19/2009,402,14308,0,1,1,0,100,100,201.5,53.7,85.5
1,06/02/2009,1656,11887,0,1,1,0,100,100,201.5,53.7,85.5
1,06/03/2009,75953,203194,0,1,0,0,100,100,201.5,53.7,85.5
1,07/17/2009,50,1369,0,1,1,0,100,100,201.5,53.7,85.5
1,07/21/2009,3745,10727,0,1,1,0,100,100,201.5,53.7,85.5
1,08/04/2009,616,885,0,1,1,0,100,100,201.5,53.7,85.5
1,08/04/2009,2052,4531,0,1,1,0,100,100,201.5,53.7,85.5
1,08/26/2009,1836,12284,0,0,1,0,100,100,201.5,53.7,85.5
1,09/04/2009,53,5562,0,0,1,306.8,92.5,52.2,201.5,53.7,85.5
1,10/06/2009,14452,2867,0,1,1,0,100,100,201.5,53.7,85.5
1,10/07/2009,4820,19124,0,1,1,0,100,100,201.5,53.7,85.5
1,11/12/2009,2529,5242,0,0,0,0,100,100,201.5,53.7,85.5
1,12/05/2009,140,13029,0,1,1,0,100,100,201.5,53.7,85.5
1,12/08/2009,120,29687,0,1,0,0,100,100,201.5,53.7,85.5
1,12/15/2009,27,9785,0,1,1,0,100,100,201.5,53.7,85.5
1,12/22/2009,1155,16416,0,0,1,0,80.2,94.9,201.5,53.7,85.5
1,02/04/2010,0,427,0,0,1,0,100,100,201.5,53.7,85.5
1,04/20/2010,11680,32467,0,1,1,17.2,75.2,98,201.5,53.7,85.5
1,05/12/2010,14946,95143,0,1,1,265.9,50,80,201.5,53.7,85.5
1,06/15/2010,2112,6248,0,1,1,340.1,93.9,70.6,201.5,53.7,85.5
1,06/15/2010,0,18,0,1,0,0,100,100,201.5,53.7,85.5
1,07/03/2010,1,79,0,1,1,0,100,100,201.5,53.7,85.5
1,07/20/2010,33484,35314,0,0,1,19.1,97.9,18.8,201.5,53.7,85.5
1,07/22/2010,7680,37390,0,0,1,196,100,70.6,201.5,53.7,85.5
1,07/27/2010,2,46157,0,1,1,0,100,100,201.5,53.7,85.5
1,08/15/2010,40054,39806,0,1,0,0,100,100,201.5,53.7,85.5
1,08/19/2010,91,1322,0,1,1,0,100,100,201.5,53.7,85.5
1,09/16/2010,2859,6327,0,1,1,0,100,100,201.5,53.7,85.5
1,09/22/2010,2777,6507,0,1,1,0,100,100,201.5,53.7,85.5
1,09/26/2010,511,178847,0,1,0,0,100,100,201.5,53.7,85.5
1,12/16/2010,1542,3000,0,1,1,190.4,100,72.5,201.5,53.7,85.5
1,01/06/2011,2595,4498,0,0,1,0,100,100,201.5,53.7,85.5
1,01/10/2011,30550,44202,0,1,1,319.1,100,100,201.5,53.7,85.5
1,01/17/2011,1586,161098,0,0,1,312,100,100,201.5,53.7,85.5
1,02/08/2011,3316,1307,0,0,1,312,100,100,201.5,53.7,85.5
1,03/01/2011,1345,49279,0,1,1,0,100,100,201.5,53.7,85.5
1,03/03/2011,2066,16305,0,1,1,0,100,100,201.5,53.7,85.5
1,03/04/2011,8562,25360,0,1,1,0,100,100,201.5,53.7,85.5
1,04/12/2011,898,1568,0,1,0,0,100,100,201.5,53.7,85.5
1,04/24/2011,4730,15203,0,1,1,0,100,100,201.5,53.7,85.5
1,04/26/2011,12,22064,0,1,1,0,100,100,201.5,53.7,85.5
1,06/04/2011,184,45548,0,1,0,0,100,100,201.5,53.7,85.5
1,06/10/2011,1509,2000,0,0,1,0,100,100,201.5,53.7,85.5
1,06/13/2011,7165,30810,0,0,0,0,100,100,201.5,53.7,85.5
1,06/25/2011,12356,135951,0,1,1,0,100,100,201.5,53.7,85.5
1,07/13/2011,0,3421,0,1,1,307.1,100,100,201.5,53.7,85.5
1,07/23/2011,5434,21499,0,0,1,0,100,100,201.5,53.7,85.5
1,07/28/2011,4690,13568,0,1,1,290.1,100,100,201.5,53.7,85.5
1,08/16/2011,3749,8066,0,0,1,0,100,100,201.5,53.7,85.5
1,09/16/2011,2245,50614,0,1,1,0,100,100,201.5,53.7,85.5
1,09/20/2011,5885,8498,0,1,0,0,100,100,201.5,53.7,85.5
1,09/23/2011,91,13338,0,1,1,0,100,100,201.5,53.7,85.5
1,10/10/2011,41739,30804,0,1,1,0,100,100,201.5,53.7,85.5
1,10/10/2011,9559,7156,0,1,1,0,100,100,201.5,53.7,85.5
1,10/14/2011,5454,13452,0,1,1,306.9,85.8,83.1,201.5,53.7,85.5
1,10/21/2011,61063,31586,0,1,1,206.2,72.8,85.1,201.5,53.7,85.5
1,12/11/2011,337,18349,0,0,1,0,100,100,201.5,53.7,85.5
1,01/13/2012,874,83868,0,0,1,0,100,100,201.5,53.7,85.5
1,01/16/2012,5961,15500,0,1,1,0,100,100,201.5,53.7,85.5
1,01/26/2012,381,10177,0,0,1,0,0,0,201.5,53.7,85.5
1,02/06/2012,6519,2692,0,0,0,124,83.9,90.2,201.5,53.7,85.5
1,02/10/2012,3837,15681,0,1,1,0,100,100,201.5,53.7,85.5
1,03/20/2012,24226,47258,0,1,1,0,100,100,201.5,53.7,85.5
1,03/23/2012,305,8536,0,0,1,265.9,50,80,201.5,53.7,85.5
1,04/01/2012,2641,62200,0,1,1,0,100,100,201.5,53.7,85.5
1,04/02/2012,3455,8057,0,1,0,0,100,100,201.5,53.7,85.5
1,04/03/2012,82,2949,0,0,1,42.8,69.8,100,201.5,53.7,85.5
1,04/15/2012,1959,7963,0,1,1,0,100,100,201.5,53.7,85.5
1,05/09/2012,3620,6687,0,1,1,272.1,59,87.1,201.5,53.7,85.5
1,05/22/2012,142892,207268,0,1,1,0,100,100,201.5,53.7,85.5
1,06/06/2012,471,7040,0,1,1,0,100,100,201.5,53.7,85.5
1,06/28/2012,239,3846,0,1,1,0,100,100,201.5,53.7,85.5
1,07/06/2012,8312,30351,0,0,1,0,100,100,201.5,53.7,85.5
1,07/07/2012,3601,10166,0,1,1,0,100,100,201.5,53.7,85.5
1,07/08/2012,2969,8562,0,0,1,0,100,100,201.5,53.7,85.5
1,07/13/2012,49609,30828,0,1,1,0,100,100,201.5,53.7,85.5
1,10/03/2012,39602,18949,0,1,1,325.9,100,100,201.5,53.7,85.5
1,10/22/2012,6303,4443,0,0,0,0,100,100,201.5,53.7,85.5
1,12/21/2012,3608,25388,0,1,1,0,100,100,201.5,53.7,85.5
1,01/25/2013,3,109,0,0,0,0,100,100,201.5,53.7,85.5
1,05/31/2013,12552,62265,0,1,1,301.7,82,50.2,201.5,53.7,85.5
1,06/21/2013,8893,14339,0,0,0,0,100,100,201.5,53.7,85.5
1,10/13/2013,2512,110842,0,1,0,0,100,100,201.5,53.7,85.5
1,11/29/2013,14825,11793,0,1,1,0,100,100,201.5,53.7,85.5
1,08/03/2014,23146,15227,0,0,0,0,100,100,201.5,53.7,85.5
1,10/28/2014,15714,17615,0,1,1,80.7,96.4,32.9,201.5,53.7,85.5
1,10/24/2010,2415,53032,0,1,1,4,92,83.1,0,9.8,40
1,07/01/2010,18,7482,0,1,1,329.7,92.5,100,329.7,98.1,42
1,09/26/2010,8099,22837,0,1,1,260.6,53.5,79.2,289.9,68.6,47.5
1,07/11/2008,172,7818,0,1,1,29.2,90.8,94.1,332.1,67,42.7
1,11/22/2011,3,3752,0,1,0,302.8,75.9,76.5,328.9,99.1,45.1
1,01/03/2011,8,17900,0,1,0,240,100,100,336.6,64.2,47.1
1,01/05/2008,52168,50151,0,1,1,351.9,30.2,96.1,267.2,41,61.2
1,02/27/2011,29140,24556,0,1,1,344.9,47.9,94.1,164.8,42.9,83.1
1,04/24/2010,9289,98121,0,0,1,31.3,77,47.8,31.3,77,47.8
1,07/17/2009,22736,87483,0,0,1,39.9,90.2,96.1,0,96.8,48.6
1,03/23/2009,4894,13058,0,0,1,148.2,79,72.9,277.2,21.5,52.9
1,11/01/2009,42631,91208,0,1,1,301,84,29.4,352.1,47.7,50.2
1,11/01/2009,42631,91208,0,1,1,301,84,29.4,352.1,47.7,50.2
1,06/26/2008,28320,302391,0,1,1,206.2,72.8,85.1,85.7,40.1,61.6
1,11/11/2008,7834,13719,0,1,1,344.7,79.3,81.6,85.7,40.1,61.6
1,02/04/2009,134,17882,0,1,1,344.7,79.3,81.6,85.7,40.1,61.6
1,02/12/2009,1701,2311,0,0,1,344.7,79.3,81.6,85.7,40.1,61.6
1,02/25/2009,21,3851,0,0,1,344.7,79.3,81.6,85.7,40.1,61.6
1,03/04/2009,3131,20637,0,1,0,344.7,79.3,81.6,85.7,40.1,61.6
1,03/04/2009,351,7039,0,1,0,344.7,79.3,81.6,85.7,40.1,61.6
1,04/28/2009,3979,79785,0,1,1,344.7,79.3,81.6,85.7,40.1,61.6
1,04/29/2009,16,382,0,1,1,344.7,79.3,81.6,85.7,40.1,61.6
1,05/05/2009,67,954,0,1,1,344.7,79.3,81.6,85.7,40.1,61.6
1,06/03/2009,454,5445,0,0,1,344.7,79.3,81.6,85.7,40.1,61.6
1,06/26/2009,289,3228,0,0,1,344.7,79.3,81.6,85.7,40.1,61.6
1,10/18/2009,193,3532,0,1,0,344.7,79.3,81.6,85.7,40.1,61.6
1,10/20/2009,704,11372,0,1,0,164.9,78.7,81.2,85.7,40.1,61.6
1,11/03/2009,590,2249,1,1,1,344.7,79.3,81.6,85.7,40.1,61.6
1,12/20/2009,846,14152,0,1,1,344.7,79.3,81.6,85.7,40.1,61.6
1,12/31/2009,193,2907,1,1,1,344.7,79.3,81.6,85.7,40.1,61.6
1,03/01/2010,521,139061,0,1,1,196.2,78.7,81.2,85.7,40.1,61.6
1,05/18/2010,16463,26751,0,1,1,109.9,36.3,83.1,85.7,40.1,61.6
1,07/22/2010,2519,9017,0,1,0,344.7,79.3,81.6,85.7,40.1,61.6
1,07/24/2010,56,8655,0,0,1,344.7,79.3,81.6,85.7,40.1,61.6
1,09/07/2010,9467,83429,0,0,1,344.7,79.3,81.6,85.7,40.1,61.6
1,09/09/2010,4882,3393,0,0,1,344.7,79.3,81.6,85.7,40.1,61.6
1,09/14/2010,998,34398,0,1,1,344.7,79.3,81.6,85.7,40.1,61.6
1,10/20/2010,181,12972,0,0,1,344.7,79.3,81.6,85.7,40.1,61.6
1,11/14/2010,5680,26577,0,1,1,344.7,79.3,81.6,85.7,40.1,61.6
1,02/10/2011,4410,28184,0,1,1,274.1,65.9,91,85.7,40.1,61.6
1,02/19/2011,5746,4177,0,1,0,344.7,79.3,81.6,85.7,40.1,61.6
1,04/01/2011,118,81691,0,1,1,344.7,79.3,81.6,85.7,40.1,61.6
1,05/02/2011,83245,220068,0,0,1,344.7,79.3,81.6,85.7,40.1,61.6
1,05/18/2011,236,2174,0,1,0,272,78.7,81.2,85.7,40.1,61.6
1,07/28/2011,1005,15867,0,1,1,344.7,79.3,81.6,85.7,40.1,61.6
1,10/01/2011,253,10323,0,1,1,344.7,79.3,81.6,85.7,40.1,61.6
1,11/02/2011,93,4155,0,1,1,344.7,79.3,81.6,85.7,40.1,61.6
1,12/28/2011,5651,12760,0,1,1,19.1,100,100,85.7,40.1,61.6
1,02/21/2012,7057,6288,0,1,1,344.7,79.3,81.6,85.7,40.1,61.6
1,03/26/2012,19749,48419,0,0,0,344.7,79.3,81.6,85.7,40.1,61.6
1,12/14/2013,3358,5831,0,1,0,344.7,79.3,81.6,85.7,40.1,61.6
1,01/03/2015,3,45295,0,1,0,344.7,79.3,81.6,85.7,40.1,61.6
1,01/16/2015,0,73367,0,0,0,344.7,79.3,81.6,85.7,40.1,61.6
1,08/06/2015,309,589,0,1,1,344.7,79.3,81.6,85.7,40.1,61.6
1,02/18/2009,6616,20316,0,1,1,331.2,61.8,78,183.8,19.3,65.1
1,03/19/2009,1986,6645,0,1,1,12,100,100,183.8,19.3,65.1
1,02/18/2010,4581,16325,0,0,1,12,100,100,183.8,19.3,65.1
1,03/03/2010,31,334,0,1,1,170.9,84,71,183.8,19.3,65.1
1,03/09/2010,1748,17547,0,0,1,12,100,100,183.8,19.3,65.1
1,05/03/2010,2754,387,0,1,1,12,100,100,183.8,19.3,65.1
1,04/16/2011,5204,997,0,0,1,12,100,100,183.8,19.3,65.1
1,05/28/2011,7805,12400,0,0,0,12,100,100,183.8,19.3,65.1
1,08/01/2011,2065,2590,0,1,1,340.1,57.9,94.1,183.8,19.3,65.1
1,08/19/2011,495,1601,0,1,1,110.1,58.6,56.9,183.8,19.3,65.1
1,08/28/2011,5987,17882,0,1,1,17.2,75.2,98,183.8,19.3,65.1
1,09/28/2011,3641,4340,0,0,1,12,100,100,183.8,19.3,65.1
1,10/22/2011,306,508,0,1,1,12,100,100,183.8,19.3,65.1
1,10/22/2011,2810,10396,0,0,0,206.2,72.8,85.1,183.8,19.3,65.1
1,11/28/2011,1683,1620,0,0,0,12,100,100,183.8,19.3,65.1
1,12/25/2011,0,1423,0,1,1,12,100,100,183.8,19.3,65.1
1,01/17/2013,54,159,0,1,1,206.2,72.8,85.1,183.8,19.3,65.1
1,04/04/2013,2005,2568,0,1,1,12,100,100,183.8,19.3,65.1
1,09/16/2013,1590,4925,0,1,0,352.5,79.2,86.7,183.8,19.3,65.1
1,10/28/2013,599,662,0,1,1,206.2,72.8,85.1,183.8,19.3,65.1
1,01/02/2015,0,61,0,0,1,12,100,100,183.8,19.3,65.1
1,03/22/2015,1,7869,0,1,0,110.1,58.6,56.9,183.8,19.3,65.1
1,05/25/2007,2554,42510,0,1,1,240,100,100,86.5,63.8,73.7
1,03/31/2008,6519,52039,0,1,1,206.2,72.8,85.1,86.5,63.8,73.7
1,06/19/2008,725,18225,0,1,1,352.5,79.2,86.7,86.5,63.8,73.7
1,11/04/2008,2736,8196,0,1,1,240,100,100,86.5,63.8,73.7
1,01/31/2010,3745,15339,0,1,1,336,100,100,86.5,63.8,73.7
1,08/06/2011,918,44566,0,1,1,51.4,48.8,16.9,154.1,24.3,71
1,06/18/2011,4471,28450,0,1,1,194.2,83.6,93.3,232.1,27.6,75.3
1,11/25/2008,376,204631,0,1,1,208.8,16.9,58,210.5,29.1,76.9
1,11/28/2010,4047,13847,1,1,1,180,40.5,31,137.8,34.7,83.5
1,04/25/2011,161,5247,0,1,1,193.5,25.9,74.1,193.5,25.9,74.1
1,03/04/2009,3729,18499,0,1,1,329.7,100,70.6,128,36.9,87.1
1,09/17/2010,22400,35152,0,1,1,25.6,71.6,92.5,156,3.4,57.3
1,05/28/2011,992,15035,0,1,1,292.5,57.7,38,336.3,86.7,56.1
1,08/03/2011,8212,25358,0,0,1,191.1,100,99.6,273.9,100,100
1,01/29/2011,281,4818,0,1,1,196,62.1,92.2,153.1,40,96.1
1,02/26/2009,21593,141737,0,0,1,22.5,36.1,52.2,156.4,17.9,72.2
1,07/22/2008,6432,7306,0,1,1,177.1,88,82,267.3,73.3,100
1,11/08/2008,57,14655,0,1,1,206.1,11.9,76.1,277.1,90.2,92.2
1,03/28/2010,4507,14184,0,1,1,351.9,30.2,96.1,272.1,31.9,71.4
1,12/28/2010,819,19533,0,0,1,0,0,0,300,88,62
1,09/22/2010,612,6421,0,1,1,204,86.2,68.2,348.5,31.1,65.5
1,07/31/2008,2,56827,0,1,1,196,100,70.6,216.5,32,96.9
1,10/16/2008,922,3659,0,1,1,196,100,70.6,216.5,32,96.9
1,10/17/2008,767,28352,0,1,1,196,100,70.6,216.5,32,96.9
1,01/27/2009,171,12275,0,1,1,196,100,70.6,216.5,32,96.9
1,02/03/2009,9267,11619,0,1,1,196,100,70.6,216.5,32,96.9
1,02/14/2009,118,5865,0,1,1,188.9,92.9,94.1,216.5,32,96.9
1,03/13/2009,512,36505,0,1,1,196,100,70.6,216.5,32,96.9
1,03/16/2009,125,24109,0,1,1,196,100,70.6,216.5,32,96.9
1,03/23/2009,1038,164174,0,1,1,196,100,70.6,216.5,32,96.9
1,03/28/2009,69,719,0,1,1,196,100,70.6,216.5,32,96.9
1,04/11/2009,123,484,0,1,1,196,100,70.6,216.5,32,96.9
1,05/04/2009,1742,19238,0,1,0,196,100,70.6,216.5,32,96.9
1,05/13/2009,3479,4809,0,1,1,196,100,70.6,216.5,32,96.9
1,06/11/2009,387,65772,0,1,1,196,100,70.6,216.5,32,96.9
1,06/17/2009,31,28656,0,1,1,340,75,80,216.5,32,96.9
1,08/16/2009,29,69363,0,1,1,196,100,70.6,216.5,32,96.9
1,10/27/2009,1257,26622,0,1,1,196,100,70.6,216.5,32,96.9
1,12/21/2009,68,92823,0,1,1,242,100,70.2,216.5,32,96.9
1,12/21/2009,68,92823,0,1,1,242,100,70.2,216.5,32,96.9
1,12/21/2009,68,92823,0,1,1,242,100,70.2,216.5,32,96.9
1,03/25/2010,128,9253,0,1,1,196,100,70.6,216.5,32,96.9
1,04/21/2010,1060,83961,0,1,1,351.9,30.2,96.1,216.5,32,96.9
1,03/10/2011,6287,11956,0,1,1,196,100,70.6,216.5,32,96.9
1,05/20/2011,508,4481,0,1,1,206.2,72.8,85.1,216.5,32,96.9
1,06/22/2011,2861,8439,0,1,1,196,100,70.6,216.5,32,96.9
1,12/22/2011,1061,4149,0,0,0,196,100,70.6,216.5,32,96.9
1,12/23/2011,0,613,0,1,1,196,100,70.6,216.5,32,96.9
1,11/06/2012,1331,838,0,0,0,196,100,70.6,216.5,32,96.9
1,11/12/2012,66,211,0,1,1,196,100,70.6,216.5,32,96.9
1,08/21/2013,1779,312,0,0,0,333.3,81.8,73.3,216.5,32,96.9
1,08/07/2014,73,1496,0,1,1,196,100,70.6,216.5,32,96.9
1,08/07/2014,73,1496,0,1,1,196,100,70.6,216.5,32,96.9
1,09/05/2009,298,8598,0,1,1,351.9,30.2,96.1,279.8,40.2,78
1,04/04/2007,11778,30998,0,1,1,144,81.9,67.1,324.1,82.1,67.8
1,09/23/2011,10691,14691,0,1,1,9.4,21.6,58,188.4,31.3,98.8
1,01/31/2012,3713,13702,0,0,0,206.1,11.9,76.1,188.4,31.3,98.8
1,03/28/2013,987,9463,0,0,1,352.5,79.2,86.7,188.4,31.3,98.8
1,09/04/2009,325,81801,0,1,1,110.5,22.8,75.7,183.9,30.4,98
1,02/13/2012,1005,1478,0,0,1,181.4,27.7,62.4,183.9,30.4,98
1,10/20/2009,272,14900,0,0,1,283.6,89.2,29,0,14.2,69
1,08/21/2010,5410,42206,0,1,1,312,100,100,291.9,81.9,78
1,04/02/2010,21474,3794,0,1,0,288,70.7,36.1,218.5,23,90.2
1,06/24/2009,649,6941,0,1,1,20,44.1,96.1,350.3,34.6,70.2
1,09/21/2014,694,1041,0,0,0,110.1,58.6,56.9,56.5,37.8,70.6
1,04/04/2009,619,44900,0,1,1,304,98.3,71,304,98.3,71
1,05/01/2012,2969,11292,0,1,1,20.8,49.1,41.6,333.5,23.6,71.4
1,05/06/2012,4563,5803,0,1,1,272.1,100,74.1,35.3,9.3,71.4
1,03/16/2011,1572,3335,1,1,1,49.9,98.6,54.1,57.1,98.9,73.7
1,03/21/2011,20219,27215,0,1,1,8.1,92.5,31.4,48,7.9,74.1
1,03/18/2008,75,928,0,1,1,196,100,70.6,99.6,21.4,86.3
1,02/04/2009,60,7661,0,1,1,109.9,36.3,83.1,99.6,21.4,86.3
1,02/19/2009,552,2271,0,1,1,196,100,70.6,99.6,21.4,86.3
1,03/16/2009,854,313475,0,1,1,196,100,70.6,99.6,21.4,86.3
1,04/03/2009,1851,9651,0,1,1,196,100,70.6,99.6,21.4,86.3
1,06/15/2009,4738,92332,0,1,1,196,100,70.6,99.6,21.4,86.3
1,06/25/2009,6,671,0,1,1,196,100,70.6,99.6,21.4,86.3
1,08/28/2009,92,641,0,1,1,196,100,70.6,99.6,21.4,86.3
1,12/02/2009,2685,434403,0,0,1,351.9,30.2,96.1,99.6,21.4,86.3
1,12/05/2009,1010,1872,0,1,1,196,100,70.6,99.6,21.4,86.3
1,12/06/2009,124,5274,0,0,1,196,100,70.6,99.6,21.4,86.3
1,12/14/2009,1795,18202,0,1,1,196,100,70.6,99.6,21.4,86.3
1,02/15/2010,1259,5018,0,1,1,196,100,70.6,99.6,21.4,86.3
1,04/23/2010,14103,30800,0,1,1,196,100,70.6,99.6,21.4,86.3
1,05/12/2010,2875,39440,0,0,1,208,100,100,99.6,21.4,86.3
1,06/12/2010,1412,16228,0,1,1,288.2,95.8,56.1,99.6,21.4,86.3
1,09/03/2010,7033,8588,0,0,1,196,100,70.6,99.6,21.4,86.3
1,12/25/2010,0,31,0,1,0,196,100,70.6,99.6,21.4,86.3
1,08/26/2011,602,3335,0,1,1,196,100,70.6,99.6,21.4,86.3
1,12/05/2011,634,112405,0,1,1,196,100,70.6,99.6,21.4,86.3
1,03/07/2012,1081,9774,0,1,1,196,100,70.6,99.6,21.4,86.3
1,03/18/2012,9169,29329,0,0,0,196,100,70.6,99.6,21.4,86.3
1,03/31/2012,4734,5735,0,1,1,196,100,70.6,99.6,21.4,86.3
1,07/18/2012,11280,13104,0,0,0,196,100,70.6,99.6,21.4,86.3
1,09/22/2012,1973,16656,0,1,1,196,100,70.6,99.6,21.4,86.3
1,12/23/2012,2553,511,0,0,0,196,100,70.6,99.6,21.4,86.3
1,01/23/2010,0,58323,0,1,1,0,95,54.9,0,96.9,74.9
1,01/22/2009,757,4862,0,1,1,0,66.2,76.5,0,0,74.9
1,08/14/2011,1056,22314,0,0,1,0,66.2,76.5,0,0,74.9
1,08/15/2011,21640,39523,0,1,1,60,93.8,31.4,0,0,74.9
