gender,fav_number,retweet_count,tweet_count,link_hue,link_saturation,link_value,sidebar_hue,sidebar_saturation,sidebar_value
0,5367,0,16440,195,42.9,11,210,11.1,7.1
1,1641,0,13604,204,83.3,56.5,240,50,18.8
1,4501,0,53515,24.1,68.3,47.1,228,37.7,20.8
0,992,0,99570,212.3,34.2,29.8,228,37.7,20.8
1,446,0,41114,289.8,24.1,86.3,0,0,13.3
1,11439,0,10749,351.9,30.2,96.1,260.8,72.1,26.7
0,5833,0,109487,109.9,36.3,83.1,90,10.5,14.9
0,7360,0,8889,238,94.4,49,252,12.2,16.1
1,951,0,93353,47,76.3,76.1,187.1,64.8,41.2
0,682,0,15614,208.1,82.1,91.8,0,0,16.1
0,6119,0,6949,242,100,70.2,199.5,51.2,32.9
1,301,0,443,36.5,90.2,67.8,121.1,53.3,41.2
1,22098,0,10506,146.7,60,100,178.3,67.3,60
1,4,0,7430,0,0,40,0,0,20
1,1863,0,9413,176.8,85.8,69,0,0,20
0,374,0,1475511,169.9,94.7,74.1,0,0,21.2
0,28,0,2886,240,87.2,98,0,0,21.6
1,753,0,28770,40.3,88.9,99.2,0,0,21.6
0,4416,0,4910,29.9,94.4,98.4,0,0,21.6
1,2459,0,67919,68.1,89.2,91,143.1,57.8,52.9
0,2005,0,11896,34.7,97,25.9,34.7,97,25.9
1,101,0,12479,14.2,96.4,32.5,140.8,41.5,46.3
1,10487,0,4343,192.7,56.4,85.5,330,5.7,27.5
1,6084,0,20314,180,70.5,65.1,180,40,47.1
1,10936,0,54893,307.1,83.3,87.1,272.8,100,58
1,2734,0,10447,85,87.6,56.9,0,3.6,32.9
1,2560,1,2217,228.9,17.6,60,335.1,100,34.9
0,448,0,43965,0,1.4,27.8,195,3.8,41.2
0,83,0,13390,0,100,40,0,100,40
1,20353,0,38588,36.1,60,90.2,296.6,33.3,41.2
1,20647,0,3640,353.7,87.5,59.6,0,0,41.2
1,483,0,56352,109.9,36.3,83.1,0,0,41.2
1,17534,0,24709,213,43,81.2,0,0,41.2
1,1149,0,4172,0,0,45.1,0,0,45.1
0,344,0,2153,196,100,70.6,6.9,93.8,51
0,144,0,770,0,100,60,0,0,60
0,2930,0,39033,2,92.5,63.1,0,0,0
1,1631,0,7864,52.6,40.1,63.5,0,0,0
0,28,1,80321,196,100,70.6,0,0,0
1,2130,0,110801,352.9,72.9,100,0,0,0
1,179,0,13247,350.8,10.7,47.8,0,0,0
1,538,0,8376,201,89.2,98,186,100,3.9
1,7749,0,7834,341,32.9,94.1,222.8,100,36.9
0,1245,0,83090,1.5,100,31.4,200,100,52.9
0,368,0,11081,100,75,12.5,215.1,100,100
0,103,0,85244,45.1,100,69.4,173.9,100,65.9
1,14031,0,82646,14.9,92,92.9,177,100,94.9
0,3699,0,54037,128.9,100,100,120,100,100
0,6314,0,19093,189.9,100,100,120,100,100
1,5577,0,22738,303.9,97,92.9,180,100,100
1,2799,0,26517,0,0,0,217.9,98.3,45.5
1,128,0,8787,114.4,87.6,38,123,93,16.9
0,178,0,2956,205.6,49.2,71,218.1,98.8,100
0,2111,1,44717,3.1,82.2,63.9,227.3,86.8,14.9
1,4101,0,194607,54.1,91.1,96.9,190.1,98,100
1,365,0,5090,324.1,100,72.2,183,76.9,10.2
1,286,1,51830,60,93.8,31.4,160,30,3.9
0,23890,0,164610,19.1,91,96.1,234.9,94.4,49
1,59,0,1335,245.3,92.4,67.1,137,90.2,32.2
0,431,0,3345,0,95.2,72.9,200.1,96.8,96.9
0,6291,1,112117,234.9,78.8,70.2,180,10,3.9
1,1175,0,25571,236.9,100,100,207.9,96,87.8
1,12122,0,11968,122,91.1,92.2,170,96.2,92.9
1,442,0,227389,180,65.3,87.1,300,80,3.9
1,1036,0,5591,300,6.7,5.9,0,10,3.9
0,1059,0,21381,0,91.4,68.6,300,10,3.9
0,37,0,10446,0,0,0,300,10,3.9
1,10709,0,8756,243.8,59.8,82,0,0,3.9
0,290,0,38676,176.9,81.3,83.9,0,0,3.9
0,1811,0,106784,0,98,100,0,0,3.9
1,2,0,1869,215.9,61.3,74.9,156,90.9,43.1
1,2,0,983,300.7,96.5,33.7,196.9,95.9,94.5
0,606,0,9379,357.9,100,32.9,353.3,81.8,4.3
0,1754,0,10775,0,0,3.9,180,7.7,5.1
1,7769,0,19979,334.6,99,74.9,180,20,5.9
1,6916,0,13240,60,93.8,31.4,279,100,7.8
1,1739,0,52657,129,77.8,74.1,335,92.3,5.1
1,19,0,1782,349.8,95.2,72.9,337.5,61.5,5.1
1,1180,0,10159,0,0,60,0,7.7,5.1
1,1409,0,22917,198.9,46.3,16.1,60,30.8,5.1
1,55,0,3106,280,88,94.9,60,7.7,5.1
1,110,1,12891,180,88.1,42.7,180,88.9,49.4
1,13,0,837,300,10,3.9,300,6.7,5.9
1,5714,0,2554,196.1,90.8,98,200,94.1,100
1,1052,0,7380,206.1,11.9,76.1,169.1,92.1,74.9
0,43,0,5492,352.1,93.9,70.2,100,30,7.8
1,5209,0,17970,175.1,96.2,94.1,170.1,93,94.9
1,675,0,13330,20,34.6,85.1,175.5,89.9,69.8
1,1016,0,13229,267.8,87.7,85.9,220.2,90.8,81.2
1,5587,0,23213,178.1,93,94.9,180,92.1,94.1
1,714,0,2691,344.3,75,36.1,211.8,71,27.1
1,1966,0,42504,359.4,100,72.9,228.6,50,16.5
0,33118,0,92792,196,100,70.6,200,41.7,14.1
0,7110,0,13505,194.1,80.3,93.7,160,21.4,11
0,1421,1,9520,188.4,70.9,71.4,186.5,84.5,55.7
0,14024,0,68293,352.5,79.2,86.7,186.5,84.5,55.7
0,81,0,4481,206.2,72.8,85.1,186.5,84.5,55.7
1,2757,0,25017,300,85.2,74.1,200,11.5,10.2
0,0,0,43067,176.9,85.3,80,204,17.9,11
0,19659,0,44620,194.1,80.3,93.7,220,20,11.8
0,9505,0,133956,194.1,80.3,93.7,220,20,11.8
0,289,0,10065,194.1,80.3,93.7,220,20,11.8
1,1204,1,4009,194.1,80.3,93.7,220,20,11.8
0,223,0,970,194.1,80.3,93.7,220,20,11.8
1,93,0,306,194.1,80.3,93.7,220,20,11.8
0,264,0,212774,194.1,80.3,93.7,220,20,11.8
0,171,0,7148,0,80.2,92.9,220,20,11.8
0,598,0,9723,200.9,92.2,90.2,220,20,11.8
0,1265,0,123844,194.1,80.3,93.7,220,20,11.8
0,8,0,234323,194.1,80.3,93.7,220,20,11.8
0,1931,0,25132,194.1,80.3,93.7,220,20,11.8
0,3536,0,49325,222.9,13.3,41.2,220,20,11.8
0,44199,0,53693,194.1,80.3,93.7,220,20,11.8
1,207,0,369,300,80.2,92.9,220,20,11.8
0,124,0,733,4.1,80,92.2,220,20,11.8
0,63466,0,50662,194.1,80.3,93.7,220,20,11.8
0,63,0,42128,194.1,80.3,93.7,220,20,11.8
0,3503,0,34044,194.1,80.3,93.7,220,20,11.8
0,0,0,236076,194.1,80.3,93.7,220,20,11.8
1,968,0,1183,250.1,100,67.8,220,20,11.8
0,214,0,269,194.1,80.3,93.7,220,20,11.8
1,586,0,9565,194.1,80.3,93.7,220,20,11.8
0,23,0,21283,194.1,80.3,93.7,220,20,11.8
0,93,0,1819,194.1,80.3,93.7,220,20,11.8
0,11767,0,77436,194.1,80.3,93.7,220,20,11.8
0,809,0,7946,194.1,80.3,93.7,220,20,11.8
0,65,0,252,194.1,80.3,93.7,220,20,11.8
0,355,0,2848,194.1,80.3,93.7,220,20,11.8
1,12081,0,18258,34.4,93.8,31.4,220,20,11.8
0,3487,0,2509,352.2,83.8,94.1,220,20,11.8
0,352,0,10168,194.1,80.3,93.7,220,20,11.8
0,22,0,1859,343.3,55.9,72.9,220,20,11.8
0,193,0,204285,194.1,80.3,93.7,220,20,11.8
0,289,0,20677,194.1,80.3,93.7,220,20,11.8
0,587,0,1281,194.1,80.3,93.7,220,20,11.8
1,6019,0,4951,194.1,80.3,93.7,220,20,11.8
0,1111,0,15636,194.1,80.3,93.7,220,20,11.8
0,648,0,19285,194.1,80.3,93.7,220,20,11.8
0,8646,0,10223,194.1,80.3,93.7,220,20,11.8
1,6929,0,50395,194.1,80.3,93.7,220,20,11.8
0,1614,1,20906,194.1,80.3,93.7,220,20,11.8
1,3750,0,11200,194.1,80.3,93.7,220,20,11.8
0,179,0,72850,194.1,80.3,93.7,220,20,11.8
0,927,0,11684,194.1,80.3,93.7,220,20,11.8
0,1979,0,7555,194.1,80.3,93.7,220,20,11.8
0,4928,0,26834,206.1,11.9,76.1,220,20,11.8
0,268,0,16128,194.1,80.3,93.7,220,20,11.8
0,5651,0,7756,194.1,80.3,93.7,220,20,11.8
1,6302,0,3057,0,20,90.2,220,20,11.8
0,634,0,3900,194.1,80.3,93.7,220,20,11.8
0,891,0,11440,0,0,0,220,20,11.8
0,14,0,3383,194.1,80.3,93.7,220,20,11.8
1,207,0,225635,194.1,80.3,93.7,220,20,11.8
0,2959,0,2781,194.1,80.3,93.7,220,20,11.8
0,60,0,10457,194.1,80.3,93.7,220,20,11.8
0,2278,0,21083,194.1,80.3,93.7,220,20,11.8
0,5467,0,9730,22.7,70.7,61.6,220,20,11.8
0,2184,0,15767,0,0,0,220,20,11.8
0,270,0,471,194.1,80.3,93.7,220,20,11.8
0,25110,0,25170,194.1,80.3,93.7,220,20,11.8
0,5580,0,4999,194.1,80.3,93.7,220,20,11.8
0,9954,0,50396,344.7,79.3,81.6,220,20,11.8
0,164,0,104,194.1,80.3,93.7,220,20,11.8
1,4720,0,4415,194.1,80.3,93.7,220,20,11.8
1,12384,0,20242,194.1,80.3,93.7,220,20,11.8
1,677,0,43657,194.1,80.3,93.7,220,20,11.8
1,9510,0,17008,194.1,80.3,93.7,220,20,11.8
0,214,0,22016,194.1,80.3,93.7,220,20,11.8
1,17929,0,26740,194.1,80.3,93.7,220,20,11.8
1,207,0,225635,194.1,80.3,93.7,220,20,11.8
0,7834,0,379805,194.1,80.3,93.7,220,20,11.8
0,52,0,1406,194.1,80.3,93.7,220,20,11.8
0,829,0,6755,194.1,80.3,93.7,220,20,11.8
0,15533,0,76256,194.1,80.3,93.7,220,20,11.8
0,359,0,1388,0,80,92.2,220,20,11.8
0,384,0,2415,194.1,80.3,93.7,220,20,11.8
1,0,0,2396,194.1,80.3,93.7,220,20,11.8
1,1094,0,9459,194.1,80.3,93.7,220,20,11.8
1,42,0,1159,194.1,80.3,93.7,220,20,11.8
0,542,0,889,194.1,80.3,93.7,220,20,11.8
0,5515,0,12078,194.1,80.3,93.7,220,20,11.8
1,0,0,481,194.1,80.3,93.7,220,20,11.8
0,5999,0,71353,232.7,80.2,92.9,220,20,11.8
0,116,0,3782,206.2,72.8,85.1,220,20,11.8
0,852,0,5611,194.1,80.3,93.7,220,20,11.8
0,30,0,109956,275.8,65.8,76.9,220,20,11.8
0,491,0,16464,194.1,90.8,67.8,220,20,11.8
0,1494,0,2895,194.1,80.3,93.7,220,20,11.8
0,42,1,21262,194.1,80.3,93.7,220,20,11.8
0,112,0,4881,194.1,80.3,93.7,220,20,11.8
1,478,0,37842,194.1,80.3,93.7,220,20,11.8
0,3368,0,112747,194.1,80.3,93.7,220,20,11.8
0,990,0,201225,194.1,80.3,93.7,220,20,11.8
0,4546,0,1382,194.1,80.3,93.7,220,20,11.8
0,2243,0,4636,194.1,80.3,93.7,220,20,11.8
1,586,0,9565,194.1,80.3,93.7,220,20,11.8
0,42,0,619,194.1,80.3,93.7,220,20,11.8
0,370,0,3337,194.1,80.3,93.7,220,20,11.8
1,759,0,19427,194.1,80.3,93.7,220,20,11.8
0,626,0,5490,194.1,80.3,93.7,220,20,11.8
0,24,0,2795,194.1,80.3,93.7,220,20,11.8
1,8605,0,12158,194.1,80.3,93.7,220,20,11.8
0,3786,0,21111,194.1,80.3,93.7,220,20,11.8
0,16,0,8020,194.1,80.3,93.7,220,20,11.8
0,145,0,17581,26.1,96.5,100,220,20,11.8
0,57,0,41166,194.1,80.3,93.7,220,20,11.8
0,867,0,5093,194.1,80.3,93.7,220,20,11.8
1,4716,0,9006,194.1,80.3,93.7,220,20,11.8
0,6431,0,9740,194.1,80.3,93.7,220,20,11.8
1,1372,0,14014,194.1,80.3,93.7,220,20,11.8
0,3800,0,60896,194.1,80.3,93.7,220,20,11.8
0,25,0,31854,194.1,80.3,93.7,220,20,11.8
0,643,0,188284,194.1,80.3,93.7,220,20,11.8
1,435,0,19152,194.1,80.3,93.7,220,20,11.8
0,103,0,7790,194.1,80.3,93.7,220,20,11.8
1,3535,0,4814,181.9,92.3,92.2,220,20,11.8
0,1142,0,87627,206.2,72.8,85.1,220,20,11.8
1,4615,0,101859,194.1,80.3,93.7,220,20,11.8
0,11484,0,4267,194.1,80.3,93.7,220,20,11.8
0,231,0,816,194.1,80.3,93.7,220,20,11.8
1,6981,0,3713,352.5,79.2,86.7,220,20,11.8
0,3763,0,2535,194.1,80.3,93.7,220,20,11.8
0,3967,0,20943,194.1,80.3,93.7,220,20,11.8
0,791,0,13787,194.1,80.3,93.7,220,20,11.8
1,27,0,45847,194.1,80.3,93.7,220,20,11.8
1,4244,0,9820,112.7,80.2,92.9,220,20,11.8
0,135,0,5178,194.1,80.3,93.7,220,20,11.8
0,273,0,18498,194.1,80.3,93.7,220,20,11.8
0,10092,0,68906,194.1,80.3,93.7,220,20,11.8
0,1130,1,2288,194.1,80.3,93.7,220,20,11.8
0,0,0,6321,194.1,80.3,93.7,220,20,11.8
0,1288,0,16920,194.1,80.3,93.7,220,20,11.8
1,14224,0,20137,194.1,80.3,93.7,220,20,11.8
0,37,0,621,194.1,80.3,93.7,220,20,11.8
0,2703,0,31461,194.1,80.3,93.7,220,20,11.8
0,10,0,569,194.1,80.3,93.7,220,20,11.8
0,0,0,66,194.1,80.3,93.7,220,20,11.8
1,10223,0,26876,194.1,80.3,93.7,220,20,11.8
0,1988,0,13927,194.1,80.3,93.7,220,20,11.8
1,1528,0,25379,265.9,50,80,220,20,11.8
0,1,0,616,194.1,80.3,93.7,220,20,11.8
1,42451,0,22365,194.3,17.2,47.8,220,20,11.8
1,20,0,227,194.1,80.3,93.7,220,20,11.8
0,8272,0,9721,194.1,80.3,93.7,220,20,11.8
1,599,0,636,194.1,80.3,93.7,220,20,11.8
1,672,0,29944,194.1,80.3,93.7,220,20,11.8
1,20,0,227,194.1,80.3,93.7,220,20,11.8
1,435,0,19153,194.1,80.3,93.7,220,20,11.8
0,1437,0,18294,194.1,80.3,93.7,220,20,11.8
1,4629,2,29456,194.1,80.3,93.7,220,20,11.8
1,456,0,7916,186.9,80.2,92.9,220,20,11.8
0,587,0,23362,194.1,80.3,93.7,220,20,11.8
0,607,0,971,194.1,80.3,93.7,220,20,11.8
0,2732,0,19849,194.1,80.3,93.7,220,20,11.8
0,1110,0,14042,194.1,80.3,93.7,220,20,11.8
1,11509,0,14718,194.1,80.3,93.7,220,20,11.8
1,6540,0,13371,194.1,80.3,93.7,220,20,11.8
1,1359,1,3599,42.8,69.8,100,220,20,11.8
0,4783,0,142263,194.1,80.3,93.7,220,20,11.8
0,283,1,6961,194.1,80.3,93.7,220,20,11.8
0,0,0,5174,194.1,80.3,93.7,220,20,11.8
1,186,0,37443,194.1,80.3,93.7,220,20,11.8
0,8,0,2977,194.1,80.3,93.7,220,20,11.8
0,88,0,842,194.1,80.3,93.7,220,20,11.8
1,52438,0,53382,194.1,80.3,93.7,220,20,11.8
1,24,0,1571,194.1,80.3,93.7,220,20,11.8
0,1677,0,2085,194.1,80.3,93.7,220,20,11.8
1,585,0,4534,194.1,80.3,93.7,220,20,11.8
0,359,0,597,194.1,80.3,93.7,220,20,11.8
0,336,1,144659,194.1,80.3,93.7,220,20,11.8
0,2366,0,10853,194.1,80.3,93.7,220,20,11.8
0,370,0,2935,194.1,80.3,93.7,220,20,11.8
0,776,0,15008,50.6,100,100,220,20,11.8
1,9626,0,16328,194.1,80.3,93.7,220,20,11.8
0,1322,0,69032,194.1,80.3,93.7,220,20,11.8
0,6996,0,16034,194.1,80.3,93.7,220,20,11.8
0,1012,0,4937,194.1,80.3,93.7,220,20,11.8
1,1027,0,20727,194.1,80.3,93.7,220,20,11.8
1,545,0,697,194.1,80.3,93.7,220,20,11.8
0,744,0,11390,194.1,80.3,93.7,220,20,11.8
0,352,0,214,194.1,80.3,93.7,220,20,11.8
0,281,0,11723,194.1,80.3,93.7,220,20,11.8
1,833,1,1464,194.1,80.3,93.7,220,20,11.8
1,428,0,2252,194.1,80.3,93.7,220,20,11.8
0,1116,1,114819,194.1,80.3,93.7,220,20,11.8
0,6687,0,26877,194.1,80.3,93.7,220,20,11.8
0,3000,0,3954,194.1,80.3,93.7,220,20,11.8
1,1528,0,25380,265.9,50,80,220,20,11.8
1,0,0,56,194.1,80.3,93.7,220,20,11.8
1,14142,1,49424,17.2,75.2,98,220,20,11.8
0,633,0,6888,194.1,80.3,93.7,220,20,11.8
0,205,0,878,194.1,80.3,93.7,220,20,11.8
0,5021,0,22635,194.1,80.3,93.7,220,20,11.8
0,9326,0,8208,194.1,80.3,93.7,220,20,11.8
0,247,0,197500,194.1,80.3,93.7,220,20,11.8
0,1,0,6353,194.1,80.3,93.7,220,20,11.8
1,21794,0,26177,194.1,80.3,93.7,220,20,11.8
1,3280,0,7308,60,93.7,18.8,220,20,11.8
1,560,0,930,194.1,80.3,93.7,220,20,11.8
0,13220,0,75151,194.1,80.3,93.7,220,20,11.8
1,2099,0,4943,194.1,80.3,93.7,220,20,11.8
0,35,0,3075,194.1,80.3,93.7,220,20,11.8
0,1167,0,5754,194.1,80.3,93.7,220,20,11.8
1,3055,0,11062,194.1,80.3,93.7,220,20,11.8
1,10340,0,15949,194.1,80.3,93.7,220,20,11.8
0,1633,0,14021,194.1,80.3,93.7,220,20,11.8
1,13034,0,13698,300,90.2,80,90,7.7,10.2
0,4162,2,26527,0,100,60,300,19.2,10.2
0,3172,0,28459,0,0,5.9,0,0,10.2
0,97,0,22562,196.8,84.4,78,197.9,89,92.9
1,45,0,12972,206.1,11.9,76.1,176.9,87.8,87.1
0,1758,0,21337,211.1,93.9,90.2,216,34.9,16.9
0,1419,0,13919,250,4.1,56.9,0,0,11.4
0,310,0,2429,120,100,70.2,210,6.5,12.2
1,179,0,320,109.9,36.3,83.1,80,9.7,12.2
1,992,0,57126,196,100,70.6,200.5,57.7,27.8
0,4,0,20867,194.1,80.3,93.7,220,85.5,83.9
1,7847,0,17221,206.2,72.8,85.1,185.5,25.6,16.9
1,365,0,59008,206.8,25.2,87.1,203.6,65.6,36.5
1,294,0,330,351.9,30.2,96.1,280.7,66.7,16.5
0,0,0,33057,211.1,78.7,42.4,198.2,79.9,66.3
0,8670,0,19090,211.1,78.7,42.4,198.2,79.9,66.3
0,8256,0,39869,211.1,78.7,42.4,198.2,79.9,66.3
0,9104,0,30723,352.5,79.2,86.7,198.2,79.9,66.3
1,1770,0,11957,0,0,0,72,79.5,17.3
0,7456,0,43632,229.9,100,70.2,100,41.4,22.7
0,544,0,9739,26.3,19.6,82,281.2,85,23.5
1,2542,0,66676,303.9,100,60,300,73.9,18
0,106,0,6047,210,66.7,60,223,54.5,43.1
0,353,0,3874,206.1,11.9,76.1,217.4,54.5,43.9
1,473,0,2973,156,65.7,38.8,195,80,100
1,15,0,52382,331.1,78.8,94.1,122,68.6,68.6
1,8304,0,18209,0,0,13.3,186.5,75.8,95.7
0,417,0,43922,32.9,85.7,96.1,115,64.9,58
1,22,0,3381,1.4,98.3,69,359,93.5,24.3
1,8723,0,9527,265.9,50,80,270,17.6,26.7
1,18918,0,6597,204.1,71.1,92.2,241.9,76.9,94.9
0,462,0,14909,7.3,71.8,98.8,165.2,68,77.3
1,3411,0,11705,0,0,0,184.7,71,85.1
1,1048,0,3696,215.4,51.3,93.3,231,63.8,73.7
0,2569,0,4501,0,49.2,97.3,155.9,71.1,92.2
1,5737,0,32709,19.6,39.4,94.5,328,21.4,27.5
1,1415,0,53709,265.9,50,80,285,21.6,29
0,574,0,3601,178.1,22.9,54.9,323.7,100,27.8
0,326,0,4529,38.2,81.2,94.1,263.1,95.4,68.2
0,28,0,4034,184.3,7.1,77.6,225.9,61.7,75.7
1,562,0,3079,184.3,7.1,77.6,225.9,61.7,75.7
1,198,0,919,225.9,61.7,75.7,225.9,61.7,75.7
1,5727,0,31060,265.9,50,80,225.9,61.7,75.7
1,229,0,12217,0,20.5,61.2,0,97.3,29.4
0,10808,0,21086,196.3,36.2,87.8,196.2,66.4,87.5
1,1571,0,30146,189.1,92,92.9,36,46.1,29.8
1,21,0,710,278,65.2,72.2,213.5,57.8,70.6
1,563,0,60759,124,91.5,32.2,260.9,90.2,76.1
0,1138,0,20709,47.4,40.9,72.9,168.9,25,42.4
1,57979,0,17545,328,84.9,83.1,0,86.6,32.2
1,4800,0,8515,274.1,100,100,259.4,90.7,84.3
0,200,0,984,349.8,86.8,74.5,184.6,32,47.8
1,6,0,109435,0,88,84.7,0,87.4,34.1
0,4378,0,7729,71.6,59,65.1,300,51.7,34.1
1,17090,0,3562,174,59.9,85.1,331.6,21.8,34.1
0,20837,0,54691,0.3,82.8,86.7,31.8,72.5,35.7
0,5240,0,166834,0,0,0,300,100,36.1
1,497,0,33588,351.9,30.2,96.1,300,83.7,36.1
1,11019,0,25783,328.1,72,83.9,0,0,36.1
0,0,0,18186,344.7,79.3,81.6,235.2,39.7,61.2
0,75,0,1809,190.4,100,72.5,183.8,57.3,86.3
0,0,0,132532,190.4,100,72.5,183.8,57.3,86.3
1,62,0,697,225,96.3,94.5,183.8,57.3,86.3
0,1,0,133519,190.4,100,72.5,183.8,57.3,86.3
1,22,0,25372,190.4,100,72.5,183.8,57.3,86.3
0,21,0,134519,190.4,100,72.5,183.8,57.3,86.3
1,432,0,318,190.4,100,72.5,183.8,57.3,86.3
1,1022,0,5610,340.1,93.9,70.6,183.8,57.3,86.3
1,90747,0,35514,190.4,100,72.5,183.8,57.3,86.3
1,24702,0,34526,190.4,100,72.5,183.8,57.3,86.3
1,1159,0,8233,190.4,100,72.5,183.8,57.3,86.3
0,3466,0,86572,190.4,100,72.5,183.8,57.3,86.3
1,10840,0,35328,324,98,98,183.8,57.3,86.3
1,171,0,13054,351.9,30.2,96.1,183.8,57.3,86.3
0,12933,1,33692,190.4,100,72.5,183.8,57.3,86.3
1,3658,1,143411,109.9,36.3,83.1,183.8,57.3,86.3
1,1188,0,16267,190.4,100,72.5,183.8,57.3,86.3
1,12382,0,8164,190.4,100,72.5,183.8,57.3,86.3
1,38,0,153643,190.4,100,72.5,183.8,57.3,86.3
0,144,0,26169,190.4,100,72.5,183.8,57.3,86.3
0,59,0,4196,190.4,100,72.5,183.8,57.3,86.3
1,15965,0,29324,190.4,100,72.5,183.8,57.3,86.3
0,406,0,76069,190.4,100,72.5,183.8,57.3,86.3
1,16204,0,41759,190.4,100,72.5,183.8,57.3,86.3
0,285,0,1385,190.4,100,72.5,183.8,57.3,86.3
1,3432,0,2890,190.4,100,72.5,183.8,57.3,86.3
1,6197,0,11443,190.4,100,72.5,183.8,57.3,86.3
0,1,0,233,190.4,100,72.5,183.8,57.3,86.3
1,4578,0,4802,190.4,100,72.5,183.8,57.3,86.3
1,2,0,424,190.4,100,72.5,183.8,57.3,86.3
0,44,0,522,190.4,100,72.5,183.8,57.3,86.3
1,2973,0,8802,190.4,100,72.5,183.8,57.3,86.3
1,5339,0,15974,190.4,100,72.5,183.8,57.3,86.3
0,13201,0,6218,110.1,58.6,56.9,183.8,57.3,86.3
1,2981,0,21643,265.9,50,80,183.8,57.3,86.3
1,1463,0,828,190.4,100,72.5,183.8,57.3,86.3
1,7333,0,13409,190.4,100,72.5,183.8,57.3,86.3
0,2702,0,24779,190.4,100,72.5,183.8,57.3,86.3
0,684,0,3698,190.4,100,72.5,183.8,57.3,86.3
0,18964,0,35180,190.4,100,72.5,183.8,57.3,86.3
0,1238,0,63393,190.4,100,72.5,183.8,57.3,86.3
1,37,0,3017,190.4,100,72.5,183.8,57.3,86.3
1,3683,0,4790,190.4,100,72.5,183.8,57.3,86.3
0,90,0,26848,190.4,100,72.5,183.8,57.3,86.3
0,18964,0,35181,190.4,100,72.5,183.8,57.3,86.3
0,2424,0,9591,190.4,100,72.5,183.8,57.3,86.3
1,2626,0,19551,190.4,100,72.5,183.8,57.3,86.3
1,617,0,1686,190.4,100,72.5,183.8,57.3,86.3
1,59,0,6353,190.4,100,72.5,183.8,57.3,86.3
1,393,0,2134,190.4,100,72.5,183.8,57.3,86.3
1,188,0,998,190.4,100,72.5,183.8,57.3,86.3
0,81,0,50311,190.4,100,72.5,183.8,57.3,86.3
1,1080,0,23703,190.4,100,72.5,183.8,57.3,86.3
0,3975,0,99505,190.4,100,72.5,183.8,57.3,86.3
1,12,0,69596,190.4,100,72.5,183.8,57.3,86.3
1,7655,0,19524,190.4,100,72.5,183.8,57.3,86.3
0,85,0,32576,190.4,100,72.5,183.8,57.3,86.3
0,1,0,19021,190.4,100,72.5,183.8,57.3,86.3
0,14317,0,27045,0,0,0,183.8,57.3,86.3
0,5672,0,38410,190.4,100,72.5,183.8,57.3,86.3
0,1,0,24293,190.4,100,72.5,183.8,57.3,86.3
0,20918,0,4291,190.4,100,72.5,183.8,57.3,86.3
1,4709,1,9206,190.4,100,72.5,183.8,57.3,86.3
1,13690,0,11071,190.4,100,72.5,183.8,57.3,86.3
1,299,0,2955,190.4,100,72.5,183.8,57.3,86.3
1,3859,0,5428,190.4,100,72.5,183.8,57.3,86.3
0,3957,1,44577,206.1,11.9,76.1,183.8,57.3,86.3
0,2702,0,24781,190.4,100,72.5,183.8,57.3,86.3
1,390,1,2874,190.4,100,72.5,183.8,57.3,86.3
1,30417,0,21819,190.4,100,72.5,183.8,57.3,86.3
1,3293,0,7053,190.4,100,72.5,183.8,57.3,86.3
0,0,0,188808,190.4,100,72.5,183.8,57.3,86.3
1,1265,0,5580,190.4,100,72.5,183.8,57.3,86.3
1,4902,0,9131,190.4,100,72.5,183.8,57.3,86.3
1,1731,0,1219,340.1,93.9,70.6,183.8,57.3,86.3
1,353,0,5364,190.4,100,72.5,183.8,57.3,86.3
0,0,0,188808,190.4,100,72.5,183.8,57.3,86.3
1,757,0,61438,190.4,100,72.5,183.8,57.3,86.3
1,16414,0,22767,190.4,100,72.5,183.8,57.3,86.3
1,893,0,12425,190.4,100,72.5,183.8,57.3,86.3
1,4233,0,12498,340.1,93.9,70.6,183.8,57.3,86.3
0,19766,0,18509,190.4,100,72.5,183.8,57.3,86.3
0,3879,1,8193,190.4,100,72.5,183.8,57.3,86.3
0,189,0,2158,190.4,100,72.5,183.8,57.3,86.3
1,1,0,866,190.1,100,72.5,183.8,57.3,86.3
1,2178,0,9640,190.4,100,72.5,183.8,57.3,86.3
0,1642,0,453,190.5,100,60.4,183.8,57.3,86.3
0,6,0,5405,190.4,100,72.5,183.8,57.3,86.3
1,112,0,11428,265.9,50,80,183.8,57.3,86.3
0,949,0,18080,190.4,100,72.5,183.8,57.3,86.3
1,47,0,33565,190.4,100,72.5,183.8,57.3,86.3
1,208,0,12248,190.4,100,72.5,183.8,57.3,86.3
1,8001,0,8291,0,0,0,183.8,57.3,86.3
1,199,0,12086,190.4,100,72.5,183.8,57.3,86.3
0,2854,0,48668,190.4,100,72.5,183.8,57.3,86.3
1,15,0,50632,190.4,100,72.5,183.8,57.3,86.3
1,44446,0,57897,190.4,100,72.5,183.8,57.3,86.3
0,433,0,5080,190.4,100,72.5,183.8,57.3,86.3
0,3140,0,17741,190.4,100,72.5,183.8,57.3,86.3
0,7861,1,49495,190.4,100,72.5,183.8,57.3,86.3
1,7775,0,735,190.4,100,72.5,183.8,57.3,86.3
1,5167,0,3747,190.4,100,72.5,183.8,57.3,86.3
1,286,0,737,190.4,100,72.5,183.8,57.3,86.3
1,1236,0,14714,190.4,100,72.5,183.8,57.3,86.3
0,101642,0,120006,190.4,100,72.5,183.8,57.3,86.3
0,104,0,260,190.4,100,72.5,183.8,57.3,86.3
1,5829,0,12556,190.4,100,72.5,183.8,57.3,86.3
0,24,0,30876,190.4,100,72.5,183.8,57.3,86.3
0,11,0,46646,190.4,100,72.5,183.8,57.3,86.3
1,829,0,1474,190.4,100,72.5,183.8,57.3,86.3
1,1403,0,6356,190.4,100,72.5,183.8,57.3,86.3
0,3957,0,44579,206.1,11.9,76.1,183.8,57.3,86.3
1,828,0,84748,190.4,100,72.5,183.8,57.3,86.3
1,1337,0,7297,190.4,100,72.5,183.8,57.3,86.3
0,1799,0,20702,32.7,13.9,31,45,16.2,38.8
1,67,0,1832,35.5,30.3,56.9,33.2,38,39.2
1,5454,0,13452,306.9,85.8,83.1,201.5,53.7,85.5
0,4626,0,66317,243.5,100,100,201.5,53.7,85.5
1,3316,0,1307,312,100,100,201.5,53.7,85.5
1,1836,0,12284,0,100,100,201.5,53.7,85.5
0,11560,0,234939,0,100,100,201.5,53.7,85.5
0,1367,0,1238,0,100,100,201.5,53.7,85.5
1,2859,0,6327,0,100,100,201.5,53.7,85.5
1,1542,0,3000,190.4,100,72.5,201.5,53.7,85.5
1,27,0,9785,0,100,100,201.5,53.7,85.5
1,14,0,2401,0,100,100,201.5,53.7,85.5
0,1044,0,17248,0,100,100,201.5,53.7,85.5
1,61063,0,31586,206.2,72.8,85.1,201.5,53.7,85.5
1,53,0,5562,306.8,92.5,52.2,201.5,53.7,85.5
0,995,0,8702,0,100,100,201.5,53.7,85.5
0,58,0,387,0,100,100,201.5,53.7,85.5
1,120,0,29687,0,100,100,201.5,53.7,85.5
0,6,0,4213,0,100,100,201.5,53.7,85.5
1,2103,0,7021,0,100,100,201.5,53.7,85.5
1,2868,0,56376,0,100,100,201.5,53.7,85.5
1,4820,0,19124,0,100,100,201.5,53.7,85.5
1,3620,0,6687,272.1,59,87.1,201.5,53.7,85.5
0,3377,0,20907,0,100,100,201.5,53.7,85.5
1,2066,0,16305,0,100,100,201.5,53.7,85.5
1,12,0,22064,0,100,100,201.5,53.7,85.5
1,5434,0,21499,0,100,100,201.5,53.7,85.5
1,184,0,45548,0,100,100,201.5,53.7,85.5
1,2969,0,8562,0,100,100,201.5,53.7,85.5
1,11680,0,32467,17.2,75.2,98,201.5,53.7,85.5
1,15714,0,17615,80.7,96.4,32.9,201.5,53.7,85.5
0,43,0,3122,0,100,100,201.5,53.7,85.5
1,9559,0,7156,0,100,100,201.5,53.7,85.5
1,34,0,19037,206.2,72.8,85.1,201.5,53.7,85.5
1,562,0,4936,0,100,100,201.5,53.7,85.5
1,0,0,3421,307.1,100,100,201.5,53.7,85.5
0,0,0,7595,0,100,100,201.5,53.7,85.5
0,977,0,3129,0,100,100,201.5,53.7,85.5
1,239,0,3846,0,100,100,201.5,53.7,85.5
1,3455,0,8057,0,100,100,201.5,53.7,85.5
1,22710,0,51112,300,100,60,201.5,53.7,85.5
1,41739,0,30804,0,100,100,201.5,53.7,85.5
1,2245,0,50614,0,100,100,201.5,53.7,85.5
0,8,0,11127,248.9,100,100,201.5,53.7,85.5
1,2777,0,6507,0,100,100,201.5,53.7,85.5
1,23146,0,15227,0,100,100,201.5,53.7,85.5
1,1,0,79,0,100,100,201.5,53.7,85.5
1,849,0,1866,0,100,100,201.5,53.7,85.5
1,40054,0,39806,0,100,100,201.5,53.7,85.5
0,3136,0,174285,0,100,100,201.5,53.7,85.5
1,3837,0,15681,0,100,100,201.5,53.7,85.5
0,362,0,3313,0,100,100,201.5,53.7,85.5
0,23,0,6517,0,100,100,201.5,53.7,85.5
1,2595,0,4498,0,100,100,201.5,53.7,85.5
1,471,0,7040,0,100,100,201.5,53.7,85.5
0,812,0,3214,265.9,50,80,201.5,53.7,85.5
0,1994,0,24497,0,100,100,201.5,53.7,85.5
0,25,0,23630,0,100,100,201.5,53.7,85.5
1,2512,0,110842,0,100,100,201.5,53.7,85.5
1,91,0,13338,0,100,100,201.5,53.7,85.5
0,961,0,32947,0,100,100,201.5,53.7,85.5
0,12,0,255,352.5,79.2,86.7,201.5,53.7,85.5
1,142892,0,207268,0,100,100,201.5,53.7,85.5
0,333,0,19845,0,100,100,201.5,53.7,85.5
1,2539,0,12791,0,100,100,201.5,53.7,85.5
1,1959,0,7963,0,100,100,201.5,53.7,85.5
1,30550,0,44202,319.1,100,100,201.5,53.7,85.5
1,24226,0,47258,0,100,100,201.5,53.7,85.5
1,5885,0,8498,0,100,100,201.5,53.7,85.5
1,2529,0,5242,0,100,100,201.5,53.7,85.5
1,8893,0,14339,0,100,100,201.5,53.7,85.5
1,3601,0,10166,0,100,100,201.5,53.7,85.5
1,1345,0,49279,0,100,100,201.5,53.7,85.5
1,2052,0,4531,0,100,100,201.5,53.7,85.5
1,14825,0,11793,0,100,100,201.5,53.7,85.5
1,5961,0,15500,0,100,100,201.5,53.7,85.5
1,6519,0,2692,124,83.9,90.2,201.5,53.7,85.5
1,3608,0,25388,0,100,100,201.5,53.7,85.5
1,6303,0,4443,0,100,100,201.5,53.7,85.5
1,49609,0,30828,0,100,100,201.5,53.7,85.5
1,375,0,9082,0,100,100,201.5,53.7,85.5
1,136,0,18987,0,100,100,201.5,53.7,85.5
1,4730,0,15203,0,100,100,201.5,53.7,85.5
1,4,0,95348,0,100,100,201.5,53.7,85.5
1,0,0,427,0,100,100,201.5,53.7,85.5
1,1656,0,11887,0,100,100,201.5,53.7,85.5
1,1155,0,16416,0,80.2,94.9,201.5,53.7,85.5
1,5329,0,27292,0,100,100,201.5,53.7,85.5
1,381,0,10177,0,0,0,201.5,53.7,85.5
1,12356,0,135951,0,100,100,201.5,53.7,85.5
1,140,0,13029,0,100,100,201.5,53.7,85.5
1,7165,0,30810,0,100,100,201.5,53.7,85.5
1,1509,0,2000,0,100,100,201.5,53.7,85.5
1,4690,0,13568,290.1,100,100,201.5,53.7,85.5
0,5734,0,21289,206.2,72.8,85.1,201.5,53.7,85.5
1,2,0,474,0,100,100,201.5,53.7,85.5
1,33484,0,35314,19.1,97.9,18.8,201.5,53.7,85.5
0,415,0,1722,0,100,100,201.5,53.7,85.5
1,616,0,885,0,100,100,201.5,53.7,85.5
1,898,0,1568,0,100,100,201.5,53.7,85.5
1,0,0,18,0,100,100,201.5,53.7,85.5
1,14946,0,95143,265.9,50,80,201.5,53.7,85.5
1,8312,0,30351,0,100,100,201.5,53.7,85.5
1,14452,0,2867,0,100,100,201.5,53.7,85.5
1,524,0,1517,276,81.7,60,201.5,53.7,85.5
1,3749,0,8066,0,100,100,201.5,53.7,85.5
0,19131,0,29901,0,100,100,201.5,53.7,85.5
1,1032,0,1637,0,100,100,201.5,53.7,85.5
1,2641,0,62200,0,100,100,201.5,53.7,85.5
1,50,0,1369,0,100,100,201.5,53.7,85.5
1,305,0,8536,265.9,50,80,201.5,53.7,85.5
1,402,0,14308,0,100,100,201.5,53.7,85.5
1,7680,0,37390,196,100,70.6,201.5,53.7,85.5
1,5797,0,14450,0,100,100,201.5,53.7,85.5
1,12552,0,62265,301.7,82,50.2,201.5,53.7,85.5
1,511,0,178847,0,100,100,201.5,53.7,85.5
1,91,0,1322,0,100,100,201.5,53.7,85.5
1,1586,0,161098,312,100,100,201.5,53.7,85.5
1,410,0,645,0,100,100,201.5,53.7,85.5
1,874,0,83868,0,100,100,201.5,53.7,85.5
1,102,0,76241,0,100,100,201.5,53.7,85.5
1,337,0,18349,0,100,100,201.5,53.7,85.5
1,82,0,2949,42.8,69.8,100,201.5,53.7,85.5
1,2112,0,6248,340.1,93.9,70.6,201.5,53.7,85.5
1,3,0,109,0,100,100,201.5,53.7,85.5
1,2,0,46157,0,100,100,201.5,53.7,85.5
0,72,0,9300,0,100,100,201.5,53.7,85.5
1,75953,0,203194,0,100,100,201.5,53.7,85.5
1,8562,0,25360,0,100,100,201.5,53.7,85.5
1,39602,0,18949,325.9,100,100,201.5,53.7,85.5
1,3745,0,10727,0,100,100,201.5,53.7,85.5
1,2415,0,53032,4,92,83.1,0,9.8,40
0,219,1,769,196,100,70.6,90,1.9,42
0,986,0,50052,354.7,95.1,80,218.2,9.4,45.9
1,18,0,7482,329.7,92.5,100,329.7,98.1,42
1,8099,0,22837,260.6,53.5,79.2,289.9,68.6,47.5
1,172,0,7818,29.2,90.8,94.1,332.1,67,42.7
1,3,0,3752,302.8,75.9,76.5,328.9,99.1,45.1
0,550,0,8788,206.2,72.8,85.1,184.7,43,81.2
1,8,0,17900,240,100,100,336.6,64.2,47.1
1,52168,0,50151,351.9,30.2,96.1,267.2,41,61.2
0,6237,0,13097,232.7,79.6,84.7,234.9,32.8,70.6
0,4204,0,6600,206.7,47.6,90.6,206.7,47.6,90.6
1,29140,0,24556,344.9,47.9,94.1,164.8,42.9,83.1
1,9289,0,98121,31.3,77,47.8,31.3,77,47.8
0,0,0,85532,30,26.2,32.9,26,43.4,47.8
0,28,0,33328,30,26.2,32.9,26,43.4,47.8
0,814,0,39210,26,43.4,47.8,26,43.4,47.8
1,22736,0,87483,39.9,90.2,96.1,0,96.8,48.6
1,4894,0,13058,148.2,79,72.9,277.2,21.5,52.9
0,993,0,57827,16.8,82.4,35.7,0,22.8,49.8
0,8895,0,28709,206.2,72.8,85.1,190.4,37.1,79.2
1,42631,0,91208,301,84,29.4,352.1,47.7,50.2
1,42631,0,91208,301,84,29.4,352.1,47.7,50.2
0,2,0,118160,300,3.8,52.2,300,3.8,51
1,3,0,45295,344.7,79.3,81.6,85.7,40.1,61.6
0,38502,1,17064,344.7,79.3,81.6,85.7,40.1,61.6
1,5746,0,4177,344.7,79.3,81.6,85.7,40.1,61.6
1,67,0,954,344.7,79.3,81.6,85.7,40.1,61.6
1,309,0,589,344.7,79.3,81.6,85.7,40.1,61.6
1,454,0,5445,344.7,79.3,81.6,85.7,40.1,61.6
0,3697,0,13257,277.8,67.6,80,85.7,40.1,61.6
0,1,0,826,344.7,79.3,81.6,85.7,40.1,61.6
1,7834,0,13719,344.7,79.3,81.6,85.7,40.1,61.6
0,141,0,12094,344.7,79.3,81.6,85.7,40.1,61.6
1,2519,0,9017,344.7,79.3,81.6,85.7,40.1,61.6
1,521,0,139061,196.2,78.7,81.2,85.7,40.1,61.6
1,4410,0,28184,274.1,65.9,91,85.7,40.1,61.6
1,253,0,10323,344.7,79.3,81.6,85.7,40.1,61.6
0,357,0,199321,344.7,79.3,81.6,85.7,40.1,61.6
0,2616,0,70021,215,78.7,81.2,85.7,40.1,61.6
1,28320,0,302391,206.2,72.8,85.1,85.7,40.1,61.6
0,5363,0,57140,206.1,11.9,76.1,85.7,40.1,61.6
1,5680,0,26577,344.7,79.3,81.6,85.7,40.1,61.6
1,3131,0,20637,344.7,79.3,81.6,85.7,40.1,61.6
0,9,0,540,344.7,79.3,81.6,85.7,40.1,61.6
1,1005,0,15867,344.7,79.3,81.6,85.7,40.1,61.6
1,289,0,3228,344.7,79.3,81.6,85.7,40.1,61.6
0,313,0,42694,344.7,79.3,81.6,85.7,40.1,61.6
1,56,0,8655,344.7,79.3,81.6,85.7,40.1,61.6
1,16,0,382,344.7,79.3,81.6,85.7,40.1,61.6
1,351,0,7039,344.7,79.3,81.6,85.7,40.1,61.6
0,42617,0,42457,344.7,79.3,81.6,85.7,40.1,61.6
0,335,0,270065,225,83.1,100,85.7,40.1,61.6
1,19749,0,48419,344.7,79.3,81.6,85.7,40.1,61.6
1,998,0,34398,344.7,79.3,81.6,85.7,40.1,61.6
1,0,0,73367,344.7,79.3,81.6,85.7,40.1,61.6
0,3663,0,47372,344.7,79.3,81.6,85.7,40.1,61.6
1,83245,0,220068,344.7,79.3,81.6,85.7,40.1,61.6
1,4882,0,3393,344.7,79.3,81.6,85.7,40.1,61.6
1,3358,0,5831,344.7,79.3,81.6,85.7,40.1,61.6
1,236,0,2174,272,78.7,81.2,85.7,40.1,61.6
0,3,0,616,344.7,79.3,81.6,85.7,40.1,61.6
0,774,0,2211,344.7,79.3,81.6,85.7,40.1,61.6
1,118,0,81691,344.7,79.3,81.6,85.7,40.1,61.6
0,347,0,10587,344.7,79.3,81.6,85.7,40.1,61.6
1,7057,0,6288,344.7,79.3,81.6,85.7,40.1,61.6
1,134,0,17882,344.7,79.3,81.6,85.7,40.1,61.6
0,12216,0,22009,218.6,100,11,85.7,40.1,61.6
1,846,0,14152,344.7,79.3,81.6,85.7,40.1,61.6
1,5651,0,12760,19.1,100,100,85.7,40.1,61.6
1,16463,0,26751,109.9,36.3,83.1,85.7,40.1,61.6
1,21,0,3851,344.7,79.3,81.6,85.7,40.1,61.6
0,51,0,8335,344.7,79.3,81.6,85.7,40.1,61.6
1,704,0,11372,164.9,78.7,81.2,85.7,40.1,61.6
1,9467,0,83429,344.7,79.3,81.6,85.7,40.1,61.6
0,317,0,8258,344.7,79.3,81.6,85.7,40.1,61.6
1,193,0,3532,344.7,79.3,81.6,85.7,40.1,61.6
1,3979,0,79785,344.7,79.3,81.6,85.7,40.1,61.6
0,121,0,1154,344.7,79.3,81.6,85.7,40.1,61.6
1,193,1,2907,344.7,79.3,81.6,85.7,40.1,61.6
1,93,0,4155,344.7,79.3,81.6,85.7,40.1,61.6
1,590,1,2249,344.7,79.3,81.6,85.7,40.1,61.6
1,181,0,12972,344.7,79.3,81.6,85.7,40.1,61.6
0,2253,0,16267,344.7,79.3,81.6,85.7,40.1,61.6
1,1701,0,2311,344.7,79.3,81.6,85.7,40.1,61.6
0,6975,0,87872,27.9,96.7,94.9,99,74.1,100
1,1,0,7869,110.1,58.6,56.9,183.8,19.3,65.1
1,5204,0,997,12,100,100,183.8,19.3,65.1
1,0,0,61,12,100,100,183.8,19.3,65.1
0,126,0,8237,223.9,58.3,45.1,183.8,19.3,65.1
1,5987,0,17882,17.2,75.2,98,183.8,19.3,65.1
1,1683,0,1620,12,100,100,183.8,19.3,65.1
0,891,0,40791,12,100,100,183.8,19.3,65.1
0,2995,0,14098,12,100,100,183.8,19.3,65.1
1,306,0,508,12,100,100,183.8,19.3,65.1
0,7387,0,3073,12,100,100,183.8,19.3,65.1
1,2005,0,2568,12,100,100,183.8,19.3,65.1
1,3641,0,4340,12,100,100,183.8,19.3,65.1
0,2870,0,32541,12,100,100,183.8,19.3,65.1
0,5,0,2607,12,100,100,183.8,19.3,65.1
1,599,0,662,206.2,72.8,85.1,183.8,19.3,65.1
0,4126,0,61919,12,100,100,183.8,19.3,65.1
1,54,0,159,206.2,72.8,85.1,183.8,19.3,65.1
1,0,0,1423,12,100,100,183.8,19.3,65.1
0,5,0,4502,34.3,70.4,70.2,183.8,19.3,65.1
0,363,0,132,12,100,100,183.8,19.3,65.1
0,40,0,12720,196,100,100,183.8,19.3,65.1
0,362,0,51035,212.9,100,100,183.8,19.3,65.1
1,2065,0,2590,340.1,57.9,94.1,183.8,19.3,65.1
0,4,0,31049,217.9,100,100,183.8,19.3,65.1
1,2810,0,10396,206.2,72.8,85.1,183.8,19.3,65.1
0,8254,0,76159,12,100,100,183.8,19.3,65.1
0,56,0,1256,12,100,100,183.8,19.3,65.1
0,58,0,1992,206.2,72.8,85.1,183.8,19.3,65.1
1,1748,0,17547,12,100,100,183.8,19.3,65.1
0,0,0,98857,206.2,72.8,85.1,183.8,19.3,65.1
1,4581,0,16325,12,100,100,183.8,19.3,65.1
0,3819,0,7518,12,100,100,183.8,19.3,65.1
1,1986,0,6645,12,100,100,183.8,19.3,65.1
1,495,0,1601,110.1,58.6,56.9,183.8,19.3,65.1
1,1590,0,4925,352.5,79.2,86.7,183.8,19.3,65.1
0,1855,0,33411,12,100,100,183.8,19.3,65.1
0,788,0,43743,206.2,72.8,85.1,183.8,19.3,65.1
1,31,0,334,170.9,84,71,183.8,19.3,65.1
1,7805,0,12400,12,100,100,183.8,19.3,65.1
1,2754,0,387,12,100,100,183.8,19.3,65.1
1,6616,0,20316,331.2,61.8,78,183.8,19.3,65.1
0,20509,0,6154,0,0,0,183.8,19.3,65.1
0,231,0,25549,12,100,100,183.8,19.3,65.1
0,2795,0,15788,12,100,100,183.8,19.3,65.1
0,34,0,3795,180,87,54.1,86.5,63.8,73.7
1,6519,0,52039,206.2,72.8,85.1,86.5,63.8,73.7
0,2636,0,35824,206.2,72.8,85.1,86.5,63.8,73.7
0,5,0,10424,240,100,100,86.5,63.8,73.7
0,3815,0,48986,60.6,97.9,38,86.5,63.8,73.7
0,65,0,23353,240,100,100,86.5,63.8,73.7
0,550,0,66091,240,100,100,86.5,63.8,73.7
1,725,0,18225,352.5,79.2,86.7,86.5,63.8,73.7
1,3745,0,15339,336,100,100,86.5,63.8,73.7
0,0,0,12788,240,100,100,86.5,63.8,73.7
0,0,0,105719,240,8.7,18,86.5,63.8,73.7
0,557,1,74976,240,100,100,86.5,63.8,73.7
0,615,1,25724,206.2,72.8,85.1,86.5,63.8,73.7
0,2554,0,25697,240,100,100,86.5,63.8,73.7
1,2554,0,42510,240,100,100,86.5,63.8,73.7
0,0,0,12190,240,100,100,86.5,63.8,73.7
0,3,0,24581,240,100,100,86.5,63.8,73.7
1,2736,0,8196,240,100,100,86.5,63.8,73.7
0,568,0,363610,240,100,100,86.5,63.8,73.7
0,568,0,363610,240,100,100,86.5,63.8,73.7
0,0,0,26974,240,100,100,86.5,63.8,73.7
0,105,0,5006,240,100,100,86.5,63.8,73.7
0,1624,0,2713,206.1,11.9,76.1,272.3,79.2,84.7
0,1095,0,341,249,100,73.3,154.1,24.3,71
1,918,0,44566,51.4,48.8,16.9,154.1,24.3,71
0,2598,0,17548,51.4,48.8,16.9,154.1,24.3,71
1,4471,0,28450,194.2,83.6,93.3,232.1,27.6,75.3
1,376,0,204631,208.8,16.9,58,210.5,29.1,76.9
1,4047,1,13847,180,40.5,31,137.8,34.7,83.5
1,161,0,5247,193.5,25.9,74.1,193.5,25.9,74.1
1,3729,0,18499,329.7,100,70.6,128,36.9,87.1
1,22400,0,35152,25.6,71.6,92.5,156,3.4,57.3
0,13156,0,112277,60,3,25.9,0,100,56.1
1,992,0,15035,292.5,57.7,38,336.3,86.7,56.1
1,8212,0,25358,191.1,100,99.6,273.9,100,100
0,5887,0,346824,236.9,92.2,100,193,20.2,71.8
0,0,0,50918,81.4,59.9,73.3,81.4,59.9,73.3
1,281,0,4818,196,62.1,92.2,153.1,40,96.1
1,21593,0,141737,22.5,36.1,52.2,156.4,17.9,72.2
1,6432,0,7306,177.1,88,82,267.3,73.3,100
1,57,0,14655,206.1,11.9,76.1,277.1,90.2,92.2
1,4507,0,14184,351.9,30.2,96.1,272.1,31.9,71.4
0,2786,0,57187,17.2,75.2,98,240,4.9,63.9
1,819,0,19533,0,0,0,300,88,62
0,1138,0,37188,211.1,92.2,60,0,74.7,62
0,20450,0,19308,180,84.2,62,300,90.2,63.9
0,10,0,14880,300,25.8,82,300,14.1,63.9
1,612,0,6421,204,86.2,68.2,348.5,31.1,65.5
0,7,0,664,88.3,87.2,55.3,84.6,67.5,90.6
0,215,0,15127,196,100,70.6,216.5,32,96.9
0,215,0,15127,196,100,70.6,216.5,32,96.9
0,164,0,10286,17.2,75.2,98,216.5,32,96.9
0,1363,0,18516,196,100,70.6,216.5,32,96.9
0,3549,0,19395,196,100,70.6,216.5,32,96.9
1,512,0,36505,196,100,70.6,216.5,32,96.9
0,6432,0,20618,196,100,70.6,216.5,32,96.9
0,104,0,8110,196,100,70.6,216.5,32,96.9
0,2759,0,37764,352.5,79.2,86.7,216.5,32,96.9
0,4204,0,4417,198.9,42.2,67.8,216.5,32,96.9
0,104,0,8110,196,100,70.6,216.5,32,96.9
0,3335,0,60354,196,100,70.6,216.5,32,96.9
0,42506,0,34522,265.9,50,80,216.5,32,96.9
0,155,0,2055,196,100,70.6,216.5,32,96.9
0,13,0,602,196,100,70.6,216.5,32,96.9
0,7739,1,7783,196,100,70.6,216.5,32,96.9
0,4573,0,3672,196,100,70.6,216.5,32,96.9
0,139,0,81238,196,100,70.6,216.5,32,96.9
0,17408,0,143899,199.1,100,70.2,216.5,32,96.9
0,17408,0,143899,199.1,100,70.2,216.5,32,96.9
0,377,0,107738,196,100,70.6,216.5,32,96.9
1,1331,0,838,196,100,70.6,216.5,32,96.9
0,55294,0,46223,37.9,96.2,72.9,216.5,32,96.9
0,16,0,22099,196,100,70.6,216.5,32,96.9
0,1328,0,8685,196,100,70.6,216.5,32,96.9
0,86,0,4168,196,100,70.6,216.5,32,96.9
0,24804,0,50065,196,100,70.6,216.5,32,96.9
0,9500,0,29681,196,100,70.6,216.5,32,96.9
1,1257,0,26622,196,100,70.6,216.5,32,96.9
0,419,0,288,196,100,70.6,216.5,32,96.9
1,69,0,719,196,100,70.6,216.5,32,96.9
0,10964,0,23120,196,100,70.6,216.5,32,96.9
0,17,0,26140,196,100,70.6,216.5,32,96.9
0,19476,0,104574,196,100,70.6,216.5,32,96.9
0,1044,0,166337,196,100,70.6,216.5,32,96.9
0,5,0,23626,196,100,70.6,216.5,32,96.9
0,15475,0,9849,196,100,70.6,216.5,32,96.9
1,387,0,65772,196,100,70.6,216.5,32,96.9
1,118,0,5865,188.9,92.9,94.1,216.5,32,96.9
0,28049,0,14601,196,100,70.6,216.5,32,96.9
1,68,0,92823,242,100,70.2,216.5,32,96.9
1,68,0,92823,242,100,70.2,216.5,32,96.9
1,1779,0,312,333.3,81.8,73.3,216.5,32,96.9
1,68,0,92823,242,100,70.2,216.5,32,96.9
0,154539,0,40771,0,0,0,216.5,32,96.9
1,6287,0,11956,196,100,70.6,216.5,32,96.9
1,1060,0,83961,351.9,30.2,96.1,216.5,32,96.9
0,759,0,25105,196,100,70.6,216.5,32,96.9
0,608,0,20774,196,100,70.6,216.5,32,96.9
0,16332,0,59979,196,100,70.6,216.5,32,96.9
0,1,0,654,196,100,70.6,216.5,32,96.9
0,4437,0,4927,196,100,70.6,216.5,32,96.9
0,780,0,16926,196,100,70.6,216.5,32,96.9
0,4271,0,19195,196,100,70.6,216.5,32,96.9
0,7336,0,5446,0,85.1,92.2,216.5,32,96.9
1,1742,0,19238,196,100,70.6,216.5,32,96.9
0,783,0,4828,196.5,62.7,43.1,216.5,32,96.9
1,31,0,28656,340,75,80,216.5,32,96.9
0,33017,0,84135,196,100,70.6,216.5,32,96.9
0,2779,0,4718,206.2,72.8,85.1,216.5,32,96.9
0,112,0,119,196,100,70.6,216.5,32,96.9
0,2723,0,3385,196,100,70.6,216.5,32,96.9
1,3479,0,4809,196,100,70.6,216.5,32,96.9
0,16,0,22112,196,100,70.6,216.5,32,96.9
1,0,0,613,196,100,70.6,216.5,32,96.9
0,42165,0,1111596,196,100,70.6,216.5,32,96.9
0,907,0,7813,196,100,70.6,216.5,32,96.9
0,39,0,181,196,100,70.6,216.5,32,96.9
1,73,0,1496,196,100,70.6,216.5,32,96.9
1,123,0,484,196,100,70.6,216.5,32,96.9
0,14122,1,35472,196,100,70.6,216.5,32,96.9
0,45,0,19611,196,100,70.6,216.5,32,96.9
0,2198,0,17391,196,100,70.6,216.5,32,96.9
0,256,0,34731,196,100,70.6,216.5,32,96.9
1,9267,0,11619,196,100,70.6,216.5,32,96.9
0,3425,0,7844,122.1,95,94.1,216.5,32,96.9
1,1061,0,4149,196,100,70.6,216.5,32,96.9
1,922,0,3659,196,100,70.6,216.5,32,96.9
0,375,0,3159,196,100,70.6,216.5,32,96.9
0,2539,0,5884,141,92.4,62,216.5,32,96.9
1,2861,0,8439,196,100,70.6,216.5,32,96.9
1,73,0,1496,196,100,70.6,216.5,32,96.9
1,29,0,69363,196,100,70.6,216.5,32,96.9
0,433,0,3643,196,100,70.6,216.5,32,96.9
0,170,0,2112,196,100,70.6,216.5,32,96.9
0,67,0,202,196,100,70.6,216.5,32,96.9
0,1648,0,11695,220.2,83,60,216.5,32,96.9
0,4182,0,15081,196,100,70.6,216.5,32,96.9
1,125,0,24109,196,100,70.6,216.5,32,96.9
0,388,0,15942,196,100,70.6,216.5,32,96.9
0,50410,0,29333,196,100,70.6,216.5,32,96.9
0,10900,1,24200,196,100,70.6,216.5,32,96.9
0,49,0,598,196,100,70.6,216.5,32,96.9
0,1373,0,6652,196,100,70.6,216.5,32,96.9
0,8,0,43278,196,100,70.6,216.5,32,96.9
0,593,0,26729,196,100,70.6,216.5,32,96.9
0,1780,0,16846,196,100,70.6,216.5,32,96.9
0,468,1,80185,196,100,70.6,216.5,32,96.9
0,1662,0,18259,196,100,70.6,216.5,32,96.9
1,128,0,9253,196,100,70.6,216.5,32,96.9
0,22666,0,176108,196,100,70.6,216.5,32,96.9
0,154,0,508,196,100,70.6,216.5,32,96.9
1,508,0,4481,206.2,72.8,85.1,216.5,32,96.9
0,2554,0,22659,26,94,98,216.5,32,96.9
0,264,0,582,196,100,70.6,216.5,32,96.9
0,2,0,1066,196,100,70.6,216.5,32,96.9
0,11,0,1731,196,100,70.6,216.5,32,96.9
1,66,0,211,196,100,70.6,216.5,32,96.9
0,34,6,101091,196,100,70.6,216.5,32,96.9
1,171,0,12275,196,100,70.6,216.5,32,96.9
1,2,0,56827,196,100,70.6,216.5,32,96.9
1,1038,0,164174,196,100,70.6,216.5,32,96.9
0,4423,0,15588,196,100,70.6,216.5,32,96.9
0,2,0,1426,196,100,70.6,216.5,32,96.9
0,183,0,473,196,100,70.6,216.5,32,96.9
0,172,0,5288,196,100,70.6,216.5,32,96.9
0,14800,0,200555,351.9,30.2,96.1,216.5,32,96.9
0,2456,1,23473,196,100,70.6,216.5,32,96.9
0,1318,0,8867,227.9,100,70.2,216.5,32,96.9
1,767,0,28352,196,100,70.6,216.5,32,96.9
0,104,0,12103,110.1,58.6,56.9,213.2,31,96.1
1,298,0,8598,351.9,30.2,96.1,279.8,40.2,78
1,11778,0,30998,144,81.9,67.1,324.1,82.1,67.8
0,971,0,34658,355.1,96.1,90.2,351.4,4,67.8
0,0,0,33242,233.8,72.5,31.4,224.7,21.4,86.3
0,1750,0,125755,206,45.2,98,207.4,21,85.9
1,10691,0,14691,9.4,21.6,58,188.4,31.3,98.8
1,987,0,9463,352.5,79.2,86.7,188.4,31.3,98.8
1,3713,0,13702,206.1,11.9,76.1,188.4,31.3,98.8
1,325,0,81801,110.5,22.8,75.7,183.9,30.4,98
1,1005,0,1478,181.4,27.7,62.4,183.9,30.4,98
1,272,0,14900,283.6,89.2,29,0,14.2,69
1,5410,0,42206,312,100,100,291.9,81.9,78
0,5,0,962,41.1,65.5,22.7,26.5,57.6,69.4
1,21474,0,3794,288,70.7,36.1,218.5,23,90.2
1,649,0,6941,20,44.1,96.1,350.3,34.6,70.2
0,2443,0,8429,240,100,100,28.2,63.9,70.6
1,694,0,1041,110.1,58.6,56.9,56.5,37.8,70.6
1,619,0,44900,304,98.3,71,304,98.3,71
0,576,0,38919,206.1,11.9,76.1,0,0,71
1,2969,0,11292,20.8,49.1,41.6,333.5,23.6,71.4
1,4563,0,5803,272.1,100,74.1,35.3,9.3,71.4
0,75,0,18808,0,94.7,82,31.2,96.2,72.2
0,406,0,20257,355.2,98.3,90.6,281.5,6.8,74.5
0,34580,0,168342,106.2,84,95.3,54.7,36.6,72.9
0,34606,0,168388,106.2,84,95.3,54.7,36.6,72.9
0,5768,0,16305,49.9,98.6,54.1,57.1,98.9,73.7
1,1572,1,3335,49.9,98.6,54.1,57.1,98.9,73.7
0,125,0,1169,49.9,98.6,54.1,57.1,98.9,73.7
0,62,0,1869,31.7,50.7,27.8,57.1,98.9,73.7
1,20219,0,27215,8.1,92.5,31.4,48,7.9,74.1
0,12,0,28078,195.9,96,87.8,99.6,21.4,86.3
1,552,0,2271,196,100,70.6,99.6,21.4,86.3
1,0,0,31,196,100,70.6,99.6,21.4,86.3
0,12,0,8278,196,100,70.6,99.6,21.4,86.3
1,60,0,7661,109.9,36.3,83.1,99.6,21.4,86.3
0,199,0,10650,196,100,70.6,99.6,21.4,86.3
0,4711,0,15471,236.9,100,100,99.6,21.4,86.3
1,7033,0,8588,196,100,70.6,99.6,21.4,86.3
0,1634,0,13036,196,100,70.6,99.6,21.4,86.3
0,2667,0,66098,196,100,70.6,99.6,21.4,86.3
0,58,0,34364,352.5,79.2,86.7,99.6,21.4,86.3
0,421,0,10677,196,100,70.6,99.6,21.4,86.3
0,3462,0,116987,196,100,70.6,99.6,21.4,86.3
1,1412,0,16228,288.2,95.8,56.1,99.6,21.4,86.3
0,27773,0,135722,196,100,70.6,99.6,21.4,86.3
0,319,0,17008,196,100,70.6,99.6,21.4,86.3
1,9169,0,29329,196,100,70.6,99.6,21.4,86.3
0,10660,0,2151,196,100,70.6,99.6,21.4,86.3
0,142,0,199740,196,100,70.6,99.6,21.4,86.3
0,555,0,4058,196,100,70.6,99.6,21.4,86.3
1,2553,0,511,196,100,70.6,99.6,21.4,86.3
0,776,0,58452,196,100,70.6,99.6,21.4,86.3
0,111,0,4003,196,100,70.6,99.6,21.4,86.3
1,14103,0,30800,196,100,70.6,99.6,21.4,86.3
0,171,0,13552,196,100,70.6,99.6,21.4,86.3
0,34,1,39332,196,100,70.6,99.6,21.4,86.3
1,124,0,5274,196,100,70.6,99.6,21.4,86.3
0,359,0,69290,196,100,70.6,99.6,21.4,86.3
0,0,0,1282,196,100,70.6,99.6,21.4,86.3
0,806,0,118878,352.5,79.2,86.7,99.6,21.4,86.3
0,950,0,2756,196,100,70.6,99.6,21.4,86.3
1,4734,0,5735,196,100,70.6,99.6,21.4,86.3
1,6,0,671,196,100,70.6,99.6,21.4,86.3
0,177,0,105395,196,100,70.6,99.6,21.4,86.3
0,2713,0,33147,196,100,70.6,99.6,21.4,86.3
1,1259,0,5018,196,100,70.6,99.6,21.4,86.3
0,1119,1,22889,196,100,70.6,99.6,21.4,86.3
1,2685,0,434403,351.9,30.2,96.1,99.6,21.4,86.3
1,602,0,3335,196,100,70.6,99.6,21.4,86.3
0,42,0,32124,196,100,70.6,99.6,21.4,86.3
0,4003,0,16826,196,100,70.6,99.6,21.4,86.3
1,634,0,112405,196,100,70.6,99.6,21.4,86.3
1,1081,0,9774,196,100,70.6,99.6,21.4,86.3
0,13739,0,56989,152.9,94.4,56.1,99.6,21.4,86.3
0,35,0,3026,196,100,70.6,99.6,21.4,86.3
0,39,0,7850,196,100,70.6,99.6,21.4,86.3
0,69,0,577,196,100,70.6,99.6,21.4,86.3
0,2880,0,4664,211.2,87.2,58,99.6,21.4,86.3
1,4738,0,92332,196,100,70.6,99.6,21.4,86.3
1,92,0,641,196,100,70.6,99.6,21.4,86.3
1,854,0,313475,196,100,70.6,99.6,21.4,86.3
0,314,0,911,196,100,70.6,99.6,21.4,86.3
0,6001,0,16468,196,100,70.6,99.6,21.4,86.3
1,2875,0,39440,208,100,100,99.6,21.4,86.3
0,13739,0,56989,152.9,94.4,56.1,99.6,21.4,86.3
1,1851,0,9651,196,100,70.6,99.6,21.4,86.3
0,700,1,33179,196,100,70.6,99.6,21.4,86.3
1,1010,0,1872,196,100,70.6,99.6,21.4,86.3
1,75,0,928,196,100,70.6,99.6,21.4,86.3
1,11280,0,13104,196,100,70.6,99.6,21.4,86.3
0,53,0,785,229,100,70.6,99.6,21.4,86.3
0,4,0,388,196,100,70.6,99.6,21.4,86.3
1,1973,0,16656,196,100,70.6,99.6,21.4,86.3
1,1795,0,18202,196,100,70.6,99.6,21.4,86.3
1,0,0,58323,0,95,54.9,0,96.9,74.9
1,21640,0,39523,60,93.8,31.4,0,0,74.9
1,757,0,4862,0,66.2,76.5,0,0,74.9
1,1056,0,22314,0,66.2,76.5,0,0,74.9
0,2070,0,605,60,93.8,12.5,205.7,20.3,94.5
0,1781,0,42470,0,0,0,358.1,96.9,76.1
1,130,0,44459,316.3,38,94.9,0,80.9,76.1
1,2283,0,19906,175.7,62,80.4,354.5,60.7,76.9
0,15322,0,26525,343.9,91.9,82.7,35.3,25.8,77.6
0,11,0,5222,196.8,84.4,78,198,16.8,93.3
1,7013,0,1900,352.5,79.2,86.7,198,16.8,93.3
1,784,0,10783,196.8,84.4,78,198,16.8,93.3
0,302,0,4530,265.9,50,80,198,16.8,93.3
1,17812,0,47762,196.8,84.4,78,198,16.8,93.3
0,189,0,4925,196.8,84.4,78,198,16.8,93.3
0,675,0,3980,196.8,84.4,78,198,16.8,93.3
0,404,0,3452,196.8,84.4,78,198,16.8,93.3
1,267,0,7635,196.8,84.4,78,198,16.8,93.3
0,0,0,56693,110.1,58.6,56.9,198,16.8,93.3
0,1,0,39578,196.8,84.4,78,198,16.8,93.3
0,108,0,3187,196.8,84.4,78,198,16.8,93.3
1,3956,0,15359,196.8,84.4,78,198,16.8,93.3
0,472,0,3882,196.8,84.4,78,198,16.8,93.3
0,0,0,399,196.8,84.4,78,198,16.8,93.3
1,12353,0,9076,196.8,84.4,78,198,16.8,93.3
0,9363,0,2691,196.8,84.4,78,198,16.8,93.3
0,240,0,32264,196.8,84.4,78,198,16.8,93.3
0,4163,1,5143,196.8,84.4,78,198,16.8,93.3
1,1916,0,2943,110.1,58.6,56.9,198,16.8,93.3
1,3610,0,10027,196.8,84.4,78,198,16.8,93.3
0,18,0,19559,196.8,84.4,78,198,16.8,93.3
0,12,0,194,196.8,84.4,78,198,16.8,93.3
1,2079,0,7372,196.8,84.4,78,198,16.8,93.3
1,14757,0,12666,196.8,84.4,78,198,16.8,93.3
1,0,0,21094,196.8,84.4,78,198,16.8,93.3
0,75,0,3563,196.8,84.4,78,198,16.8,93.3
1,10457,0,23728,196.8,84.4,78,198,16.8,93.3
0,1483,0,9519,196.8,84.4,78,198,16.8,93.3
0,7413,0,7156,196.8,84.4,78,198,16.8,93.3
0,2372,0,15161,196.8,84.4,78,198,16.8,93.3
1,1,0,100624,196.8,84.4,78,198,16.8,93.3
0,2395,0,82035,196.8,84.4,78,198,16.8,93.3
0,798,0,1431,196.8,84.4,78,198,16.8,93.3
1,10733,0,18919,196.8,84.4,78,198,16.8,93.3
0,10595,0,6262,196.8,84.4,78,198,16.8,93.3
1,646,0,58741,196.8,84.4,78,198,16.8,93.3
1,143,0,35630,206.2,72.8,85.1,40.2,48.5,78.4
0,1544,0,1482,40,37.2,53.7,40.2,48.5,78.4
1,266,0,3053,187.6,100,43.1,40.3,36.3,78.8
1,1746,0,5492,322.8,100,100,55.2,12.4,79.2
1,1636,0,10392,0,0,20.8,0,0,79.6
1,404,0,90271,340.1,93.9,70.6,340,75,80
1,384,0,3007,340.1,93.9,70.6,340,75,80
1,2361,0,10752,340.1,93.9,70.6,340,75,80
1,140,0,39343,340.1,93.9,70.6,340,75,80
1,2291,0,8307,340.1,93.9,70.6,340,75,80
1,6757,0,29289,340.1,93.9,70.6,340,75,80
1,469,0,37156,340.1,93.9,70.6,340,75,80
1,2826,0,49696,206.1,11.9,76.1,340,75,80
1,168,0,15666,340.1,93.9,70.6,340,75,80
1,110,0,270,340.1,93.9,70.6,340,75,80
1,83,0,564,340.1,93.9,70.6,340,75,80
1,38,0,2234,340.1,93.9,70.6,340,75,80
1,180,0,690,340.1,93.9,70.6,340,75,80
1,148,0,9616,340.1,93.9,70.6,340,75,80
1,6573,0,10846,340.1,93.9,70.6,340,75,80
1,586,0,73066,340.1,93.9,70.6,340,75,80
1,905,0,886,340.1,93.9,70.6,340,75,80
1,0,0,1782,340.1,93.9,70.6,340,75,80
1,209,0,1419,340.1,93.9,70.6,340,75,80
1,2578,1,7736,340.1,93.9,70.6,340,75,80
1,9781,0,4406,206.2,72.8,85.1,340,75,80
1,891,0,38135,340.1,93.9,70.6,340,75,80
1,480,0,2859,340.1,93.9,70.6,340,75,80
1,2,0,2167,340.1,93.9,70.6,340,75,80
1,140,0,39344,340.1,93.9,70.6,340,75,80
1,2011,0,23918,340.1,93.9,70.6,340,75,80
1,435,0,24470,340.1,93.9,70.6,340,75,80
1,275,0,5387,340.1,93.9,70.6,340,75,80
1,899,0,7639,340.1,93.9,70.6,340,75,80
1,2243,0,1090,340.1,93.9,70.6,340,75,80
1,534,0,108408,340.1,93.9,70.6,340,75,80
1,9642,0,14593,340.1,93.9,70.6,340,75,80
1,59,0,2205,340.1,93.9,70.6,340,75,80
1,2762,0,2065,340.1,93.9,70.6,340,75,80
1,10641,0,7148,340.1,93.9,70.6,340,75,80
1,6939,0,27298,340.1,93.9,70.6,340,75,80
1,6419,0,13039,340.1,93.9,70.6,340,75,80
1,2289,0,11036,340.1,93.9,70.6,340,75,80
1,1378,0,5017,340.1,93.9,70.6,340,75,80
1,0,0,411,340.1,93.9,70.6,340,75,80
1,7192,0,25083,340.1,93.9,70.6,340,75,80
1,1128,0,7785,340.1,93.9,70.6,340,75,80
1,5524,0,461093,340.1,93.9,70.6,340,75,80
1,202,0,12569,340.1,93.9,70.6,340,75,80
1,534,0,108408,340.1,93.9,70.6,340,75,80
1,4010,0,20877,340.1,93.9,70.6,340,75,80
0,27901,0,39977,340.1,93.9,70.6,340,75,80
1,7192,0,25083,340.1,93.9,70.6,340,75,80
1,454,0,18960,340.1,93.9,70.6,340,75,80
1,795,0,86124,340.1,93.9,70.6,340,75,80
1,6767,0,32900,340.1,93.9,70.6,340,75,80
1,61,0,1405,0,100,100,340,75,80
1,302,0,2504,340.1,93.9,70.6,340,75,80
1,529,0,20508,340.1,93.9,70.6,340,75,80
1,1405,0,3167,340.1,93.9,70.6,340,75,80
1,2192,0,140617,340.1,93.9,70.6,340,75,80
1,88,0,578,340.1,93.9,70.6,340,75,80
1,4331,0,6561,340.1,93.9,70.6,340,75,80
1,13230,0,18788,312.1,94.7,96.9,340,75,80
1,1933,0,6331,340.1,93.9,70.6,340,75,80
1,646,0,20691,340.1,93.9,70.6,340,75,80
1,35,0,1332,47.2,93.8,31.4,340,75,80
1,402,0,4434,340.1,93.9,70.6,340,75,80
1,4438,0,10356,340.1,93.9,70.6,340,75,80
1,4819,0,82439,340.1,93.9,70.6,340,75,80
1,3084,0,45300,0,100,100,340,75,80
1,870,2,122791,340.1,93.9,70.6,340,75,80
1,16295,0,15532,110.1,58.6,56.9,43.8,12.7,80.4
1,19,0,1412,265.9,50,80,12.9,80.7,81.2
0,1211,0,2154,0,96.7,59.6,142.9,14,94.9
1,64,0,21164,196,100,70.6,320.9,88,82
0,1670,0,34265,9,90,78.8,0,64.1,82
1,38,0,61588,303.6,27.6,71,304.1,42.1,82
0,2855,0,58053,44,10.5,56.1,0,0,82
0,22,0,107489,242.2,92.3,82,180,3.7,85.5
1,3576,0,4583,15.3,97.8,53.3,45,1.9,82.7
1,579,0,738,15.3,97.8,53.3,45,1.9,82.7
1,23,0,80433,15.3,97.8,53.3,45,1.9,82.7
1,1143,0,8176,15.3,97.8,53.3,45,1.9,82.7
0,1122,0,465,15.3,97.8,53.3,45,1.9,82.7
1,347,0,52920,15.3,97.8,53.3,45,1.9,82.7
1,3095,1,191834,15.3,97.8,53.3,45,1.9,82.7
0,851,0,34415,110.1,58.6,56.9,45,1.9,82.7
1,564,0,2220,15.3,97.8,53.3,45,1.9,82.7
1,596,0,51025,15.3,97.8,53.3,45,1.9,82.7
0,16120,0,24061,15.3,97.8,53.3,45,1.9,82.7
1,2328,0,253551,15.3,97.8,53.3,45,1.9,82.7
1,281,0,5258,109.9,36.3,83.1,45,1.9,82.7
1,21,0,1393,17.2,75.2,98,45,1.9,82.7
1,392,0,8519,219.7,56.4,43.1,45,1.9,82.7
1,0,0,8133,15.3,97.8,53.3,45,1.9,82.7
1,6850,0,18715,15.3,97.8,53.3,45,1.9,82.7
1,327,0,14136,15.3,97.8,53.3,45,1.9,82.7
1,281,0,19215,349.7,87.3,65.1,45,1.9,82.7
1,13,0,299,206.2,72.8,85.1,45,1.9,82.7
1,0,0,8270,15.3,97.8,53.3,45,1.9,82.7
0,197,0,3402,15.3,97.8,53.3,45,1.9,82.7
1,149,0,379,15.3,97.8,53.3,45,1.9,82.7
1,6247,1,41398,15.3,97.8,53.3,45,1.9,82.7
1,15495,0,19900,15.3,97.8,53.3,45,1.9,82.7
1,5046,0,5870,15.3,97.8,53.3,45,1.9,82.7
1,1595,0,43687,15.3,97.8,53.3,45,1.9,82.7
1,16,0,199,354.8,99,78,45,1.9,82.7
1,131,0,20326,295,58.1,89,45,1.9,82.7
1,6879,0,2226,15.3,97.8,53.3,45,1.9,82.7
0,860,0,18472,15.3,97.8,53.3,45,1.9,82.7
1,59,0,1821,15.3,97.8,53.3,45,1.9,82.7
1,252,0,3231,15.3,97.8,53.3,45,1.9,82.7
0,6937,0,24433,15.3,97.8,53.3,45,1.9,82.7
1,29,0,3118,15.3,97.8,53.3,45,1.9,82.7
1,2228,0,106970,15.3,97.8,53.3,45,1.9,82.7
1,5,0,84688,15.3,97.8,53.3,45,1.9,82.7
1,7,0,13898,46.1,81.9,91,44.1,94.3,83.1
1,16,0,244,177.2,100,50.2,58.1,59.9,83.1
1,1811,0,4783,291.7,47.4,29.8,20.2,54.5,83.5
1,1334,0,14546,30.6,45.4,89.8,49.1,36.2,83.5
1,616,0,17280,336.3,42.6,79.2,40.5,36,83.9
1,14,0,19260,196,100,70.6,66.5,21,85.9
1,14,0,19260,196,100,70.6,66.5,21,85.9
1,9836,0,61088,0,0,0,30,22.2,84.7
1,7876,0,62896,351.9,30.2,96.1,0,0,84.7
0,5426,0,79616,0,98,98,0,0,84.7
1,31206,0,85906,295.1,100,72.2,0,56.7,85.1
1,105694,0,159675,22.7,70.7,61.6,33.6,41.9,85.1
0,1145,0,6428,206,45.2,98,33.6,41.9,85.1
1,0,0,620,22.7,70.7,61.6,33.6,41.9,85.1
1,66,0,950858,22.7,70.7,61.6,33.6,41.9,85.1
1,0,0,975,22.7,70.7,61.6,33.6,41.9,85.1
1,18606,0,11508,31.9,90.1,27.8,33.6,41.9,85.1
1,66,0,950858,22.7,70.7,61.6,33.6,41.9,85.1
1,87,0,839,22.7,70.7,61.6,33.6,41.9,85.1
1,16,0,3102,22.7,70.7,61.6,33.6,41.9,85.1
0,10,0,45665,22.7,70.7,61.6,33.6,41.9,85.1
1,6332,0,19707,22.7,70.7,61.6,33.6,41.9,85.1
0,8216,0,4027,22.7,70.7,61.6,33.6,41.9,85.1
0,42,0,6336,22.7,70.7,61.6,33.6,41.9,85.1
0,1476,0,37023,22.7,70.7,61.6,33.6,41.9,85.1
0,4742,0,19696,22.7,70.7,61.6,33.6,41.9,85.1
1,354,0,3413,109.9,36.3,83.1,33.6,41.9,85.1
0,9130,0,13522,22.7,70.7,61.6,33.6,41.9,85.1
0,73,0,2316,22.7,70.7,61.6,33.6,41.9,85.1
0,402,0,11840,22.7,70.7,61.6,33.6,41.9,85.1
1,489,0,175876,22.7,70.7,61.6,33.6,41.9,85.1
0,15,0,1521,22.7,70.7,61.6,33.6,41.9,85.1
1,2261,0,4572,22.7,70.7,61.6,33.6,41.9,85.1
1,2723,0,13170,22.7,70.7,61.6,33.6,41.9,85.1
1,1590,1,42037,22.7,70.7,61.6,33.6,41.9,85.1
1,3549,2,17389,22.7,70.7,61.6,33.6,41.9,85.1
0,2428,0,12036,231.8,70.5,61.2,33.6,41.9,85.1
0,8,0,956,22.7,70.7,61.6,33.6,41.9,85.1
0,360,0,38838,22.7,70.7,61.6,33.6,41.9,85.1
1,2820,0,10797,0,32,87.1,317.9,53.7,85.5
1,1406,0,17809,103.1,62.8,84.3,87.5,10.5,89.8
1,40,0,5172,356.1,72.7,82,68,87.9,96.9
1,37082,0,32236,219.8,50.3,67.1,332.9,93.2,85.9
1,298,0,5483,120,95,85.9,302.1,90.4,85.9
1,15031,0,48950,182.2,96,67.8,307.2,57.1,85.9
1,748,0,58876,340,75,80,193.3,7.6,92.9
0,33,0,418,340,75,80,193.3,7.6,92.9
1,316,0,11754,340,75,80,193.3,7.6,92.9
1,2613,0,1304,340,75,80,193.3,7.6,92.9
1,1407,0,7330,340,75,80,193.3,7.6,92.9
1,1878,0,9580,340,75,80,193.3,7.6,92.9
0,21537,1,26618,340,75,80,193.3,7.6,92.9
1,1622,0,7120,340,75,80,193.3,7.6,92.9
1,4047,0,6329,340,75,80,193.3,7.6,92.9
0,25,0,102,292.3,61.9,44.3,193.3,7.6,92.9
1,46,0,11033,340,75,80,193.3,7.6,92.9
1,14047,0,92908,352.5,79.2,86.7,193.3,7.6,92.9
1,266,0,83,340,75,80,193.3,7.6,92.9
1,2468,0,38197,340.2,67.9,76.9,193.3,7.6,92.9
0,3,0,26,340,75,80,193.3,7.6,92.9
1,17756,0,27730,206,45.2,98,193.3,7.6,92.9
1,534,0,6329,340,75,80,193.3,7.6,92.9
1,181,0,781,340,75,80,193.3,7.6,92.9
1,14229,0,14263,340,75,80,193.3,7.6,92.9
1,9737,0,13270,340,75,80,193.3,7.6,92.9
1,17756,0,27730,206,45.2,98,193.3,7.6,92.9
1,19276,0,13344,340,75,80,193.3,7.6,92.9
1,239,0,4909,352.5,79.2,86.7,193.3,7.6,92.9
1,11777,0,7731,340,75,80,193.3,7.6,92.9
1,6747,0,12553,340,75,80,193.3,7.6,92.9
0,56,0,38000,9,75,80,193.3,7.6,92.9
1,11336,0,2217,319.8,91.2,44.3,193.3,7.6,92.9
1,73,0,10635,340,75,80,193.3,7.6,92.9
1,3566,0,16935,340,75,80,193.3,7.6,92.9
1,22836,0,44410,340,75,80,193.3,7.6,92.9
1,11137,0,1373,340,75,80,193.3,7.6,92.9
1,990,0,12634,340,75,80,193.3,7.6,92.9
1,5240,0,22860,168.9,85.1,94.9,193.3,7.6,92.9
1,6952,0,66595,340,75,80,193.3,7.6,92.9
1,633,0,55743,340,75,80,193.3,7.6,92.9
1,2449,0,9445,340,56,82,193.3,7.6,92.9
1,30530,0,14114,110.1,58.6,56.9,193.3,7.6,92.9
0,9556,0,22763,340,75,80,193.3,7.6,92.9
1,1152,0,10587,340,75,80,193.3,7.6,92.9
1,12693,0,9900,265.9,50,80,193.3,7.6,92.9
1,1189,0,6207,340,75,80,193.3,7.6,92.9
1,10104,0,66011,340,75,80,193.3,7.6,92.9
1,1334,0,8399,0,0,0,193.3,7.6,92.9
1,2366,0,2114,340,75,80,193.3,7.6,92.9
1,1000,0,64675,175.6,72.3,36.9,180,1.8,87.8
1,48135,0,54078,348,72.1,87.1,345.8,80.2,87.1
1,491,0,61818,230,92.1,94.1,324,72.1,87.1
1,2598,0,7269,263.9,76.7,96.1,300,1.8,87.1
1,510,0,7774,198.9,81.7,72.9,196.9,12.6,99.6
1,797,0,31758,0,100,60,0,0,87.5
1,4073,0,5601,0,100,60,0,0,87.5
1,2,0,3567,0,100,60,0,0,87.5
1,7581,0,30303,0,100,60,0,0,87.5
1,1094,0,72502,0,100,60,0,0,87.5
1,858,0,57755,0,100,60,0,0,87.5
1,22529,0,1029,0,100,60,0,0,87.5
1,5369,0,46122,51.6,32.2,96.1,0,0,87.5
1,1556,0,6973,0,100,60,0,0,87.5
1,0,0,535,0,100,60,0,0,87.5
0,0,0,6917,0,100,60,0,0,87.5
0,773,0,14874,0,100,60,0,0,87.5
1,717,0,19380,0,100,60,0,0,87.5
0,147,0,2871,204.8,77.3,79.6,0,0,87.5
1,1216,0,4156,336.1,60,90.2,0,0,87.5
1,59,0,921,0,100,60,0,0,87.5
1,171,0,1543,0,100,60,0,0,87.5
1,2547,0,2657,0,100,60,0,0,87.5
0,6421,0,56484,0,100,60,0,0,87.5
1,34086,0,75193,0,100,60,0,0,87.5
1,326,0,1644,0,100,60,0,0,87.5
1,5,0,574,0,100,60,0,0,87.5
1,549,0,10050,0,100,60,0,0,87.5
1,1853,0,20408,17.2,75.2,98,0,0,87.5
0,1202,0,19768,0,100,60,0,0,87.5
1,1229,0,14724,213.8,88,94.9,0,0,87.5
1,36909,0,80949,206,45.2,98,0,0,87.5
1,1510,0,13062,265.9,50,80,0,0,87.5
1,12293,0,17221,0,100,60,0,0,87.5
0,199,0,8367,0,100,60,0,0,87.5
1,6840,0,208522,0,100,60,0,0,87.5
0,662,0,14567,0,100,60,0,0,87.5
1,54,0,2009,0,100,60,0,0,87.5
1,76,0,242,0,100,60,0,0,87.5
0,0,0,377564,0,100,60,0,0,87.5
1,0,0,389295,0,100,60,0,0,87.5
1,0,0,528372,0,100,60,0,0,87.5
1,17150,0,28524,0,100,60,0,0,87.5
1,13942,0,12086,0,100,60,0,0,87.5
0,1928,0,22273,0,100,60,0,0,87.5
1,7315,0,13618,0,100,60,0,0,87.5
0,7142,0,11277,0,100,60,0,0,87.5
1,28,0,1920,0,100,60,0,0,87.5
0,662,0,14567,0,100,60,0,0,87.5
1,3189,0,8182,0,100,60,0,0,87.5
1,130,0,9426,0,100,60,0,0,87.5
1,70,0,22258,0,100,60,0,0,87.5
0,3424,1,9340,340.2,65.6,49,23.7,38.4,87.8
1,4,0,246921,7.3,22.6,85.1,199.2,10,98
1,60,0,31253,348.1,92.1,94.1,353.8,94.3,89
1,440,0,52592,345,90.3,85.1,57.1,72.2,89
0,932,0,4735,352.5,79.2,86.7,296.9,96.7,94.1
0,95,0,30354,29.3,86.2,96.9,34.3,75.5,89.8
1,4077,0,6994,279.2,12,85.1,62.1,12.2,90.2
1,747,0,6559,185.5,16.4,52.5,77.5,34.9,100
1,3563,0,4357,347.9,94.9,83.9,357.2,93.9,90.2
1,623,0,74587,265.9,50,80,8.9,93.9,90.2
1,12931,0,31602,45,65.7,81.2,51.8,53.9,90.2
0,363,0,3128,0,0,20,300,1.3,90.2
0,0,0,158,25.9,61.9,96.9,67.1,80,100
0,20,0,2786,113.7,46.3,16.1,326.9,92.2,91
1,49,0,857,63.8,42.9,85.9,12,97,91
1,5898,0,8878,30.1,96.1,90.2,7.2,75,91
1,45,0,13061,229.9,88,82,50.1,94,91
1,514,0,2804,351.9,30.2,96.1,0,0,91
1,190,0,131817,288.1,94.2,87.8,300,57.9,92.2
1,5401,0,72210,334.1,74.4,61.2,0,27.7,92.2
1,142,0,1671,337.3,60.6,92.5,336.9,60.6,92.5
0,385,0,83455,351.8,80.2,92.9,352,81.9,92.9
1,583,0,52598,358.8,61.1,93.7,190,2.5,95.3
1,4068,0,61166,38.2,84.5,93.3,38.2,84.5,93.3
0,4319,0,103235,38.2,84.5,93.3,38.2,84.5,93.3
1,1762,0,16627,13.7,94.3,34.5,0,0,93.3
1,6559,0,11328,80.7,96.4,32.9,0,0,93.3
0,774,0,56032,0,0,0,0,0,93.3
1,29,0,1821,80.7,96.4,32.9,0,0,93.3
1,80094,0,53187,0,0,0,0,0,93.3
0,9145,0,3094,0,0,0,0,0,93.3
1,5033,0,95345,0,0,0,0,0,93.3
0,1632,0,17680,0,0,0,0,0,93.3
0,33485,0,90197,80.7,96.4,32.9,0,0,93.3
1,0,0,2946,71.6,59,65.1,0,0,93.3
0,1437,0,2308,0,0,0,0,0,93.3
1,22956,0,33819,80.7,96.4,32.9,0,0,93.3
0,1234,0,16046,0,0,0,0,0,93.3
0,11808,0,12188,0,0,0,0,0,93.3
0,3328,0,24221,0,0,0,0,0,93.3
0,0,0,187190,0,0,0,0,0,93.3
0,384,0,161228,0,0,0,0,0,93.3
1,1884,0,67453,0,0,0,0,0,93.3
1,311,0,221,71.6,59,65.1,0,0,93.3
0,4346,0,96956,0,0,0,0,0,93.3
0,1081,0,3066,0,0,0,0,0,93.3
1,2649,0,3857,312,10.9,18,0,0,93.3
0,232,0,27510,0,0,0,0,0,93.3
1,1284,0,5419,71.6,59,65.1,0,0,93.3
1,388,0,11462,80.7,96.4,32.9,0,0,93.3
1,2124,0,5683,80.7,96.4,32.9,0,0,93.3
1,8167,0,13129,148.4,27.6,78,0,0,93.3
0,5,0,746,0,0,0,0,0,93.3
1,415,0,15826,0,0,0,0,0,93.3
0,208,0,20197,352.5,79.2,86.7,0,0,93.3
1,5033,0,95346,0,0,0,0,0,93.3
1,1576,0,7026,80.7,96.4,32.9,0,0,93.3
0,24,0,10607,0,0,0,0,0,93.3
0,4424,0,236939,0,0,0,0,0,93.3
0,23428,0,31523,206.2,72.8,85.1,0,0,93.3
0,1074,0,9812,0,0,0,0,0,93.3
1,238,0,2216,71.6,59,65.1,0,0,93.3
0,467,0,168048,7.1,94.9,83.9,0,0,93.3
0,1210,0,9645,80.7,96.4,32.9,0,0,93.3
0,7015,0,58750,0,0,0,0,0,93.3
0,372,0,21891,0,0,0,0,0,93.3
0,0,0,70553,0,0,0,0,0,93.3
0,15,0,27613,0,0,6.7,0,0,93.3
1,39873,0,32618,206.2,72.8,85.1,0,0,93.3
1,5033,0,95346,0,0,0,0,0,93.3
0,7483,0,9921,0,0,0,0,0,93.3
1,27235,0,22672,71.6,59,65.1,0,0,93.3
0,124,0,9585,0,0,0,0,0,93.3
0,433,0,810,0,0,0,0,0,93.3
0,2649,0,65973,0,0,0,0,0,93.3
0,43,0,9323,0,0,0,0,0,93.3
0,3381,0,8029,0,0,0,0,0,93.3
0,283,0,945,0,0,0,0,0,93.3
0,28,0,383,0,0,0,0,0,93.3
0,2167,0,62467,0,0,0,0,0,93.3
1,0,0,3,80.7,96.4,32.9,0,0,93.3
1,7990,0,7071,0,0,0,0,0,93.3
1,919,0,25020,80.7,96.4,32.9,0,0,93.3
1,2646,0,11475,80.7,96.4,32.9,0,0,93.3
0,698,0,3008,0,0,0,0,0,93.3
0,3579,0,46570,0,0,0,0,0,93.3
0,12,0,3027,0,0,0,0,0,93.3
0,11772,1,32490,0,0,0,0,0,93.3
0,1318,0,3920,0,0,0,0,0,93.3
1,6623,0,21327,80.7,96.4,32.9,0,0,93.3
1,2490,0,15439,27.7,28,72.9,0,0,93.3
0,10,0,1577,0,0,0,0,0,93.3
0,1716,0,48486,0,0,0,0,0,93.3
1,2063,0,20391,80.7,96.4,32.9,0,0,93.3
1,23531,0,51351,80.7,96.4,32.9,0,0,93.3
1,1884,0,67453,0,0,0,0,0,93.3
0,4,0,5250,0,0,0,0,0,93.3
0,2432,1,10619,0,0,0,0,0,93.3
1,2774,0,26979,71.6,59,65.1,0,0,93.3
0,1622,0,3122,0,0,0,0,0,93.3
0,309,0,3870,0,0,0,0,0,93.3
0,299,0,2194,196,100,74.9,0,0,93.3
0,17375,0,33696,0,0,0,0,0,93.3
0,905,0,122059,0,0,0,0,0,93.3
0,7,0,203,80.7,96.4,32.9,0,0,93.3
1,2426,0,60059,0,0,0,0,0,93.3
0,404,0,35673,0,0,0,0,0,93.3
1,9150,0,36660,80.7,96.4,32.9,0,0,93.3
0,20,0,1232,0,0,0,0,0,93.3
0,1463,0,346282,0,0,0,0,0,93.3
1,179,0,631,0,0,0,0,0,93.3
0,2381,0,4636,331,100,60,0,0,93.3
0,40836,0,66840,209.1,86.1,76.1,0,0,93.3
0,17,0,1013,0,0,0,0,0,93.3
0,108,0,19864,0,0,0,0,0,93.3
1,0,0,1705,80.7,96.4,32.9,0,0,93.3
1,0,0,2435,80.7,96.4,32.9,0,0,93.3
1,966,0,10089,80.7,96.4,32.9,0,0,93.3
0,599,0,1684,0,0,0,0,0,93.3
0,4622,0,21039,0,0,0,0,0,93.3
1,76,0,5291,0,0,0,0,0,93.3
1,983,0,33676,0,0,0,0,0,93.3
1,0,0,120109,0,0,0,0,0,93.3
1,29,0,1694,175.1,72.1,80,0,0,93.3
1,2688,0,6570,0,0,0,0,0,93.3
0,1364,0,10319,0,0,0,0,0,93.3
0,311,0,18601,0,0,0,0,0,93.3
0,193,0,447,80.7,96.4,32.9,0,0,93.3
0,3,0,220065,0,0,0,0,0,93.3
0,7322,0,37398,0,0,0,0,0,93.3
1,3695,1,5342,80.7,96.4,32.9,0,0,93.3
0,10,0,43,0,0,0,0,0,93.3
1,376,0,77574,0,0,0,0,0,93.3
0,36,0,1348,80.7,96.4,32.9,0,0,93.3
0,170,0,52259,0,0,0,0,0,93.3
0,21439,0,226474,81,95.2,32.9,0,0,93.3
0,242,0,10200,0,0,0,0,0,93.3
1,2638,0,3597,300,74.3,67.1,0,0,93.3
1,16,0,374,80.7,96.4,32.9,0,0,93.3
0,1000,0,9112,0,0,0,0,0,93.3
1,1445,0,30218,0,0,0,0,0,93.3
1,37855,1,144277,0,0,0,0,0,93.3
0,74365,0,156468,0,0,0,0,0,93.3
1,699,0,2312,0,79.1,62,0,0,93.3
0,107,0,43697,180,16.7,21.2,0,0,93.3
1,1284,0,74596,0,0,0,0,0,93.3
1,11483,0,27818,0,0,0,0,0,93.3
0,3827,0,5242,0,0,0,0,0,93.3
0,690,0,1978,0,0,0,0,0,93.3
0,436,0,1529,71.6,59,65.1,0,0,93.3
0,29,0,1269,0,0,60,0,0,93.3
0,1394,0,42007,0,0,0,0,0,93.3
0,762,0,56577,0,0,0,0,0,93.3
0,33,0,624,0,0,0,0,0,93.3
0,592,0,53053,0,0,0,0,0,93.3
0,704,0,42821,0,0,0,0,0,93.3
0,8783,0,69304,110.1,58.6,56.9,0,0,93.3
0,413,0,5477,0,0,0,0,0,93.3
0,409,0,1585,0,0,0,0,0,93.3
0,58,0,5128,0,0,0,0,0,93.3
0,361,0,67559,134.3,94.4,42,0,0,93.3
0,12425,0,13850,0,0,0,0,0,93.3
1,878,0,8435,0,0,0,0,0,93.3
0,2,0,151733,0,0,0,0,0,93.3
0,454,0,739,0,0,0,0,0,93.3
0,4,0,6584,0,0,0,0,0,93.3
1,562,0,1438,0,0,0,0,0,93.3
0,37904,0,79229,0,0,0,0,0,93.3
0,807,0,11967,0,0,0,0,0,93.3
0,2320,0,38908,0,0,0,0,0,93.3
0,2380,0,5301,0,0,0,0,0,93.3
0,16300,0,18041,0,0,0,0,0,93.3
0,780,0,6315,0,0,0,0,0,93.3
0,0,0,3819,0,0,0,0,0,93.3
0,947,0,3682,0,0,0,0,0,93.3
0,5034,0,3970,122.2,90.3,81.2,0,0,93.3
0,0,0,77163,80.7,96.4,32.9,0,0,93.3
0,902,0,35135,0,0,0,0,0,93.3
1,601,0,36953,80.7,96.4,32.9,0,0,93.3
0,0,0,17996,0,0,0,0,0,93.3
0,653,0,2399,206.2,72.8,85.1,0,0,93.3
0,1887,0,29564,0,67.8,89,0,0,93.3
1,2851,0,26887,0,0,0,0,0,93.3
0,332,0,32694,0,0,0,0,0,93.3
1,11993,0,6717,71.6,59,65.1,0,0,93.3
1,6016,0,4417,80.7,96.4,32.9,0,0,93.3
1,41,0,3154,0,0,0,0,0,93.3
1,13,0,2668,358.1,97,52.2,0,0,93.3
0,965,0,15376,0,0,0,0,0,93.3
0,14,0,5748,0,0,0,0,0,93.3
1,1221,0,12987,71.6,59,65.1,0,0,93.3
1,108,0,1213,0,0,20,0,0,93.3
0,24143,0,27058,0,0,0,0,0,93.3
1,5033,0,95350,0,0,0,0,0,93.3
1,11053,0,8321,0,0,0,0,0,93.3
1,492,0,57621,80.7,96.4,32.9,0,0,93.3
0,7574,0,40216,206.2,72.8,85.1,0,0,93.3
0,274,0,19788,80.7,96.4,32.9,0,0,93.3
0,8618,0,7610,0,0,20,0,0,93.3
0,3993,0,14471,71.6,59,65.1,0,0,93.3
0,1564,0,9939,0,0,0,0,0,93.3
1,0,0,63899,0,0,0,0,0,93.3
0,12638,0,21967,0,0,0,0,0,93.3
1,2749,0,48688,0,0,0,0,0,93.3
0,2732,0,11129,0,0,0,0,0,93.3
1,8495,0,3264,0,0,0,0,0,93.3
0,10222,0,36081,0,0,0,0,0,93.3
0,5072,0,3297,0,0,56.9,0,0,93.3
0,22,0,176940,0,0,0,0,0,93.3
0,22,0,176940,0,0,0,0,0,93.3
0,471,1,22753,0,0,0,0,0,93.3
1,119,0,1524,292.1,57,83.9,0,0,93.3
0,15633,0,65528,351.9,30.2,96.1,0,0,93.3
0,65,0,3579,0,0,0,0,0,93.3
1,1947,0,3214,0,0,0,0,0,93.3
1,37985,0,84274,80.7,96.4,32.9,0,0,93.3
1,4404,0,2658,80.7,96.4,32.9,0,0,93.3
1,615,1,16198,0,0,0,0,0,93.3
1,300,0,2199,80.7,96.4,32.9,0,0,93.3
1,1,0,1757,271,81.3,83.9,0,0,93.3
0,42,0,380,0,0,0,0,0,93.3
0,250,0,2082,80.7,96.4,32.9,0,0,93.3
1,5395,0,21739,0,0,0,0,0,93.3
0,3227,0,2557,0,0,0,0,0,93.3
0,7813,0,5828,110.1,58.6,56.9,0,0,93.3
1,11037,1,60273,0,0,0,0,0,93.3
0,150,0,57218,0,0,0,0,0,93.3
0,98,0,102657,0,0,0,0,0,93.3
1,8252,0,95844,0,0,0,0,0,93.3
1,13,0,48587,191.4,99.1,41.6,0,0,93.3
0,194,0,34736,0,0,0,0,0,93.3
0,2933,0,5970,0,0,0,0,0,93.3
1,3651,0,2898,71.6,59,65.1,0,0,93.3
1,20031,0,25803,17.2,75.2,98,0,0,93.3
0,9733,0,10220,0,0,0,0,0,93.3
0,3510,0,6311,206.2,72.8,85.1,0,0,93.3
0,5,0,176,0,0,0,0,0,93.3
1,4474,0,17593,80.7,96.4,32.9,0,0,93.3
1,22,0,2979,71.6,59,65.1,0,0,93.3
0,3,0,426,0,0,0,0,0,93.3
0,1216,0,12864,0,0,0,0,0,93.3
1,7127,0,61455,206.1,11.9,76.1,0,0,93.3
0,97,0,97,110.1,58.6,56.9,0,0,93.3
0,741,0,27891,0,0,0,0,0,93.3
0,144,0,14256,0,0,0,0,0,93.3
0,1935,0,11850,0,0,0,0,0,93.3
1,1072,0,2923,80.7,96.4,32.9,0,0,93.3
1,2963,0,4688,80.7,96.4,32.9,0,0,93.3
0,3,0,160726,0,0,0,0,0,93.3
0,3,0,160726,0,0,0,0,0,93.3
1,4541,0,2612,80.7,96.4,32.9,0,0,93.3
1,1287,0,20269,0,0,0,0,0,93.3
1,14027,0,13919,80.7,96.4,32.9,0,0,93.3
1,289,0,10468,0,0,0,0,0,93.3
1,601,1,4991,0,0,0,0,0,93.3
1,2687,0,8518,0,0,20,0,0,93.3
1,148,0,17142,156,21.7,9,0,0,93.3
0,1820,0,772,17.2,75.2,98,0,0,93.3
1,2702,0,4234,80.7,96.4,32.9,0,0,93.3
0,8725,0,66722,0,0,0,0,0,93.3
1,197,0,10327,80.7,96.4,32.9,0,0,93.3
0,719,0,6645,0,0,0,0,0,93.3
0,5508,0,3642,0,0,0,0,0,93.3
1,925,1,4755,0,0,0,0,0,93.3
1,1647,0,7370,0,0,0,0,0,93.3
1,8264,0,10387,71.6,59,65.1,0,0,93.3
1,2355,0,28145,265.9,50,80,0,0,93.3
1,3718,0,7138,80.7,96.4,32.9,0,0,93.3
0,905,0,4237,200,13.6,8.6,0,0,93.3
0,2135,0,20830,0,0,0,0,0,93.3
1,8352,0,8197,0,0,0,0,0,93.3
1,13451,0,7674,0,0,20,0,0,93.3
0,235,0,318,80.7,96.4,32.9,0,0,93.3
1,3018,0,4519,71.6,59,65.1,0,0,93.3
0,13101,0,8840,0,0,0,0,0,93.3
0,4580,0,8698,0,0,0,0,0,93.3
1,338,0,13854,80.7,96.4,32.9,0,0,93.3
0,10668,0,12855,0,0,0,0,0,93.3
1,6383,0,7193,71.6,59,65.1,0,0,93.3
1,9025,0,11496,71.6,59,65.1,0,0,93.3
0,5840,0,9074,0,0,0,0,0,93.3
1,1600,0,2748,71.6,59,65.1,0,0,93.3
1,17443,0,87336,0,0,0,0,0,93.3
0,11736,0,99123,71.6,59,65.1,0,0,93.3
0,392,0,3745,0,0,0,0,0,93.3
0,1448,0,1554,0,0,0,0,0,93.3
1,3,0,542373,0,0,0,0,0,93.3
0,54,0,44008,0,0,0,0,0,93.3
0,65,0,143,0,0,0,0,0,93.3
0,1,0,839,0,0,0,0,0,93.3
1,255,0,56151,0,0,0,0,0,93.3
0,6,0,1289,71.6,59,65.1,0,0,93.3
0,643,1,4775,80.7,96.4,32.9,0,0,93.3
0,805,0,1177,80.7,96.4,32.9,0,0,93.3
1,30,0,12832,159.9,89.9,78,0,0,93.3
1,3505,0,5498,80.7,96.4,32.9,0,0,93.3
1,5151,0,53583,0,0,0,0,0,93.3
1,939,0,7287,71.6,59,65.1,0,0,93.3
1,210,0,19955,302,91.1,92.2,0,0,93.3
0,168,0,951,80.7,96.4,32.9,0,0,93.3
0,1673,0,17222,0,0,0,0,0,93.3
0,723,0,6633,0,0,0,0,0,93.3
1,5564,0,5779,0,0,0,0,0,93.3
0,255,0,19061,206.2,72.8,85.1,0,0,93.3
0,148,0,4105,0,0,0,0,0,93.3
0,5509,0,97572,196.8,84.4,78,0,0,93.3
1,11202,0,1191,265.9,50,80,0,0,93.3
0,374,0,11839,80.7,96.4,32.9,0,0,93.3
0,294,0,11876,0,0,0,0,0,93.3
0,294,0,11876,0,0,0,0,0,93.3
0,56263,0,120532,0,0,0,0,0,93.3
0,18682,0,30457,0,0,0,0,0,93.3
1,1503,0,2162,196.8,84.4,78,0,0,93.3
0,5946,0,125143,11.9,67.1,97.6,0,0,93.3
0,3833,0,15784,0,0,0,0,0,93.3
1,2078,0,76041,80.7,96.4,32.9,0,0,93.3
0,240,0,2047,0,0,0,0,0,93.3
0,32,0,6117,0,0,0,0,0,93.3
0,178,0,11006,0,0,0,0,0,93.3
0,24674,0,6340,0,0,0,0,0,93.3
1,1958,0,17452,80.7,96.4,32.9,0,0,93.3
0,7977,0,45962,0,0,0,0,0,93.3
1,9815,0,2588,0,0,0,0,0,93.3
0,440,0,5809,0,0,0,0,0,93.3
0,1130,0,515,0,0,0,0,0,93.3
1,2458,0,12315,0,0,0,0,0,93.3
0,44,0,4,0,0,0,0,0,93.3
0,636,0,168006,0,0,0,0,0,93.3
1,5198,2,50578,0,0,0,0,0,93.3
0,353,0,15626,71.6,59,65.1,0,0,93.3
0,1531,0,3387,5.1,100,60,0,0,93.3
0,25044,0,26825,0,0,0,0,0,93.3
1,81857,0,129854,80.7,96.4,32.9,0,0,93.3
0,194,0,1064,0,0,0,0,0,93.3
0,49,0,1506,0,0,0,0,0,93.3
1,3225,0,12967,80.7,96.4,32.9,0,0,93.3
0,107,0,24118,0,0,0,0,0,93.3
0,341,0,22696,60,93.7,18.8,0,0,93.3
0,2156,0,18458,80.7,96.4,32.9,0,0,93.3
1,0,0,32029,71.6,59,65.1,0,0,93.3
1,9915,0,12885,206.2,72.8,85.1,0,0,93.3
1,1901,0,5752,80.7,96.4,32.9,0,0,93.3
1,1109,0,2033,0,0,0,0,0,93.3
1,1233,0,8256,0,0,0,0,0,93.3
0,109,0,34158,0,0,0,0,0,93.3
0,608,0,46712,0,0,0,0,0,93.3
0,11200,0,14129,80.7,96.4,32.9,0,0,93.3
1,11,0,1125,80.7,96.4,32.9,0,0,93.3
1,18673,0,41305,0,0,0,0,0,93.3
0,8228,20,20897,0,0,0,0,0,93.3
1,3411,0,9357,60,93.9,25.9,0,0,93.3
0,1220,0,57152,0,0,0,0,0,93.3
1,338,0,13854,80.7,96.4,32.9,0,0,93.3
0,2491,0,2747,0,0,0,0,0,93.3
1,409,0,2930,71.6,59,65.1,0,0,93.3
1,1180,0,214521,0,0,0,0,0,93.3
0,2,0,104955,80.7,96.4,32.9,0,0,93.3
1,977,0,7037,80.7,96.4,32.9,0,0,93.3
0,1501,0,6748,0,0,0,0,0,93.3
1,9653,0,12099,80.7,96.4,32.9,0,0,93.3
0,36,0,351567,0,0,0,0,0,93.3
1,55318,0,39319,42.8,69.8,100,0,0,93.3
1,39892,0,32623,206.2,72.8,85.1,0,0,93.3
0,18070,0,79428,0,0,0,0,0,93.3
1,4950,0,43511,0,0,20,0,0,93.3
1,3570,0,19729,0,0,0,0,0,93.3
0,6534,1,3679,71.6,59,65.1,0,0,93.3
1,22877,0,34482,80.7,96.4,32.9,0,0,93.3
0,241,0,9005,71.6,59,65.1,0,0,93.3
1,654,0,9654,0,0,0,0,0,93.3
1,7036,0,8431,351.9,30.2,96.1,0,0,93.3
1,183,0,488,71.6,59,65.1,0,0,93.3
0,4605,0,4902,0,0,0,0,0,93.3
1,29,0,224,80.7,96.4,32.9,0,0,93.3
0,20,0,13066,0,0,0,0,0,93.3
0,796,0,827,0,0,0,0,0,93.3
0,1162,0,96635,0,0,0,0,0,93.3
0,14441,0,122792,0,0,0,0,0,93.3
0,6799,0,18973,0,0,0,0,0,93.3
1,1478,0,3366,71.6,59,65.1,0,0,93.3
1,4298,0,6076,303.9,100,60,0,0,93.3
1,17707,0,50142,0,0,0,0,0,93.3
1,1958,0,17452,80.7,96.4,32.9,0,0,93.3
1,950,0,5352,0,0,0,0,0,93.3
1,131,0,1823,0,0,0,0,0,93.3
0,51,0,557,0,0,0,0,0,93.3
1,3,0,4190,80.7,96.4,32.9,0,0,93.3
1,9947,0,584,206.1,11.9,76.1,0,0,93.3
0,4684,0,17906,0,0,0,0,0,93.3
0,830,0,590,206.2,72.8,85.1,0,0,93.3
0,16140,0,19879,200,13.6,8.6,0,0,93.3
1,1568,0,4581,80.7,96.4,32.9,0,0,93.3
1,3085,0,11599,80.7,96.4,32.9,0,0,93.3
1,4946,0,35579,0,0,0,0,0,93.3
0,4,0,4025,0,0,0,0,0,93.3
0,2448,0,2426,180,10,3.9,0,0,93.3
0,14,0,1030,0,0,0,0,0,93.3
1,9737,0,20744,80.7,96.4,32.9,0,0,93.3
1,4869,0,22203,80.7,96.4,32.9,0,0,93.3
0,7172,0,29361,0,0,0,0,0,93.3
1,185,0,2628,0,100,60,0,0,93.3
1,15522,0,90424,352.5,79.2,86.7,0,0,93.3
1,989,0,3563,71.6,59,65.1,0,0,93.3
0,12425,0,30006,0,0,0,0,0,93.3
1,3707,0,69920,180,3.2,36.9,0,0,93.3
0,2162,0,2917,0,0,0,0,0,93.3
1,1707,0,973,17.2,75.2,98,0,0,93.3
0,108,0,19874,0,0,0,0,0,93.3
0,4604,0,164160,80.7,96.4,32.9,0,0,93.3
1,6366,0,19614,0,0,0,0,0,93.3
0,371,0,50827,80.7,96.4,32.9,0,0,93.3
0,958,0,587,80.7,96.4,32.9,0,0,93.3
0,6337,0,46426,0,0,0,0,0,93.3
0,1592,1,188235,0,0,0,0,0,93.3
1,199,0,1045,80.7,96.4,32.9,0,0,93.3
1,1589,1,10245,0,0,0,0,0,93.3
0,296,0,828,0,0,0,0,0,93.3
0,2135,0,20830,0,0,0,0,0,93.3
1,5627,0,30740,80.7,96.4,32.9,0,0,93.3
1,8,0,378,71.6,59,65.1,0,0,93.3
1,1571,1,15770,0,0,0,0,0,93.3
0,10448,0,12686,0,74.9,100,0,0,93.3
1,4488,0,26102,80.7,96.4,32.9,0,0,93.3
1,5951,0,46890,0,0,0,0,0,93.3
1,14574,0,26875,265.9,50,80,0,0,93.3
0,7602,0,19209,0,0,0,0,0,93.3
1,2426,0,60071,0,0,0,0,0,93.3
0,4605,0,46560,0,0,0,0,0,93.3
1,1505,0,2364,80.7,96.4,32.9,0,0,93.3
1,10169,0,21538,265.9,50,80,300,95,94.1
1,3895,0,14225,60,93.8,31.4,336.2,56.7,94.1
1,1236,0,18003,323.9,75,80,321.2,56.7,94.1
1,10563,0,12532,265.9,50,80,300,41.2,94.1
1,4,0,85575,26.5,74.8,80.8,37.5,80,94.1
0,0,0,98738,23,50,36.9,37.5,80,94.1
0,0,0,98738,23,50,36.9,37.5,80,94.1
1,4698,0,4879,26.5,74.8,80.8,37.5,80,94.1
1,9142,0,8663,265.9,50,80,37.5,80,94.1
1,2354,0,17166,348.1,81.8,82,37.5,80,94.1
1,349,0,2064,26.5,74.8,80.8,37.5,80,94.1
1,3056,0,25546,232.1,74,80,37.5,80,94.1
1,5144,0,5020,26.5,74.8,80.8,37.5,80,94.1
1,1203,0,467,110.1,58.6,56.9,37.5,80,94.1
0,15,0,865,110.1,58.6,56.9,37.5,80,94.1
1,10155,0,36842,209.6,74.8,80.8,37.5,80,94.1
1,567,0,3477,26.5,74.8,80.8,37.5,80,94.1
0,2093,0,10982,26.5,74.8,80.8,37.5,80,94.1
1,118,0,777,344.7,79.3,81.6,43,94.2,94.1
1,3480,0,3094,26.3,13.3,47.1,55.8,59.6,94.1
0,3814,0,16104,0,0,60,0,0,94.1
0,688,0,142230,110.1,58.6,56.9,29,96.7,94.9
0,15,0,404903,60,15.6,25.1,34.9,96.7,94.9
1,199,0,12115,17.2,75.2,98,33.1,56.2,94.9
0,1741,0,12286,0,100,100,49,38.4,94.9
1,725,0,3764,349.9,76.9,42.4,49,38.4,94.9
1,1594,0,2972,0,100,100,49,38.4,94.9
1,52,0,1216,0,92.3,82,49,38.4,94.9
0,13,0,1171,0,100,100,49,38.4,94.9
0,2448,0,23115,0,100,100,49,38.4,94.9
1,713,0,12044,0,100,100,49,38.4,94.9
1,70,0,3219,0,100,100,49,38.4,94.9
0,2,0,350,0,100,100,49,38.4,94.9
0,30,0,22819,0,100,100,49,38.4,94.9
0,7,0,219,176.8,59.8,85.9,49,38.4,94.9
1,3333,0,1505,0,100,100,49,38.4,94.9
0,1912,0,4678,352.5,79.2,86.7,49,38.4,94.9
1,4013,0,41897,351.9,30.2,96.1,49,38.4,94.9
1,6035,0,13826,0,0,0,49,38.4,94.9
1,12310,0,13056,0,100,100,49,38.4,94.9
1,12735,0,18625,0,100,100,49,38.4,94.9
1,3499,0,4465,0,100,100,49,38.4,94.9
0,41,0,32834,0,100,100,49,38.4,94.9
1,3167,0,1627,0,100,100,49,38.4,94.9
1,88,0,4791,0,100,100,49,38.4,94.9
0,6151,0,36007,0,100,100,49,38.4,94.9
1,17058,0,20178,0,100,100,49,38.4,94.9
1,811,0,28426,0,100,100,49,38.4,94.9
0,194,0,38684,0,0,0,49,38.4,94.9
1,94,0,25685,0,100,100,49,38.4,94.9
1,15737,0,67557,0,0,0,49,38.4,94.9
1,1111,0,4203,0,100,100,49,38.4,94.9
0,10823,0,31064,0,100,100,49,38.4,94.9
1,85,0,371,0,100,100,49,38.4,94.9
0,783,1,11198,0,100,100,49,38.4,94.9
1,7327,0,11476,0,100,100,49,38.4,94.9
1,6345,0,1487,0,100,100,49,38.4,94.9
1,4766,0,26875,0,100,100,49,38.4,94.9
1,744,0,1533,60,2.1,38,60.6,85.8,96.5
0,348,0,55586,0,0,0,352.1,95.9,96.1
0,898,0,8316,60,93.7,18.8,0,95.1,96.1
1,1,0,36308,8.6,88.2,92.9,330.3,93.1,96.1
1,16129,0,26005,31.2,96.3,94.9,316.1,93.1,96.1
1,78929,1,8123,196,100,70.6,0,92.2,96.1
1,1369,0,42244,0,0,3.9,349.9,92.2,96.1
0,11,0,13503,211.2,75,75.3,0.8,91.8,96.1
0,3071,0,5803,24,98,96.1,22,96.7,96.1
0,2004,0,97997,206.2,72.8,85.1,30.9,79.2,96.1
1,27,0,1508,300,95,85.9,300,5.7,96.1
1,34206,0,75589,337.9,98,100,300,2,96.1
1,12468,0,45432,334.9,40.8,94.1,45,4.9,96.5
1,4286,0,243043,28,74.2,94.1,353.9,68,96.9
0,326,0,5962,152.7,49.3,52.5,32.9,59.1,96.9
1,284,0,71422,193.3,6.1,58,336,2,96.9
1,665,0,67793,206.2,72.8,85.1,356,66.1,97.3
0,948,0,10718,198.9,29.4,46.7,17.6,56.5,97.3
1,2263,0,5410,308.8,22.5,59.2,337.5,22.6,97.3
1,3797,0,43824,325.2,40.9,84.3,336.7,19.8,97.3
1,3,0,144918,325.8,80.7,79.2,57.9,79.8,97.3
0,10849,0,152474,196,100,70.6,220,1.2,98.8
0,237,0,14039,0,100,100,1.9,98.8,98
1,10154,0,21194,230.5,31.1,23.9,318.8,47.2,98
1,1623,0,55769,349.9,76.3,61.2,38,98,98
1,1463,0,17311,300,92,78.8,300,2,98
1,3624,0,74917,180,10,3.9,0,0,98
1,11414,0,136448,9.5,39.9,62,22.2,25.8,98.8
0,37,0,62,21.9,97.8,90.2,54.8,50.8,98.8
1,3485,0,13851,0,0,16.9,52.1,27,98.8
1,3485,0,13851,0,0,16.9,52.1,27,98.8
1,10450,0,58107,50.1,81.2,87.5,0,0,98.8
1,25,0,319137,356.5,94.5,86.3,47.5,9.4,99.6
1,359,0,4766,187.1,93.1,96.1,0,100,100
1,7128,0,66460,0,100,98,0,100,100
1,629,0,7962,337.6,82.9,62,307.1,100,100
1,1517,0,10372,301.9,100,100,300,96.9,100
0,4446,0,2024,0,0,0,348.1,94.9,100
0,1011,2,155936,0,100,100,0,90.2,100
1,4179,0,21556,80,66.7,84.7,344.3,71.8,100
0,1065,0,14773,14.3,87.5,100,14.3,87.5,100
1,1023,0,4201,351.8,20.6,83.9,24.9,100,100
1,17189,0,24991,277,64.8,49,0,34.9,100
1,6993,0,1862,205.6,58.1,82.4,38.5,76.5,100
0,568,0,8029,38.7,65.4,89.4,40.1,76.9,100
1,5884,0,4231,340.9,67.8,100,2.9,16.1,100
1,7114,0,82550,352.5,79.2,86.7,52.2,100,100
1,1787,0,10385,195,100,80,54.9,32.2,100
1,19358,0,61704,265.9,50,80,54.9,32.2,100
1,11618,1,37004,195,100,80,54.9,32.2,100
1,4119,0,20735,195,100,80,54.9,32.2,100
0,216,0,413,195,100,80,54.9,32.2,100
0,0,0,20802,206,45.2,98,54.9,32.2,100
1,81,0,873,195,100,80,54.9,32.2,100
1,532,0,4447,195,100,80,54.9,32.2,100
0,1,0,2736,195,100,80,54.9,32.2,100
0,6645,0,6243,195,100,80,54.9,32.2,100
0,11856,0,21601,195,100,80,54.9,32.2,100
0,15,0,11250,195,100,80,54.9,32.2,100
1,162,0,2706,110.1,58.6,56.9,54.9,32.2,100
1,316,0,10387,195,100,80,54.9,32.2,100
1,62176,0,89134,195,100,80,54.9,32.2,100
0,660,0,4910,195,100,80,54.9,32.2,100
0,459,0,566603,195,100,80,54.9,32.2,100
1,1429,0,5501,195,100,80,54.9,32.2,100
0,2277,0,8926,195,100,80,54.9,32.2,100
0,5,0,7638,195,100,80,54.9,32.2,100
1,244,0,70,195,100,80,54.9,32.2,100
1,795,0,30828,195,100,80,54.9,32.2,100
0,120,0,2707,195,100,80,54.9,32.2,100
1,0,0,532,195,100,80,54.9,32.2,100
0,1285,0,4554,206.1,11.9,76.1,54.9,32.2,100
1,3367,0,5054,195,100,80,54.9,32.2,100
1,2724,0,7271,306.7,14.7,72.2,54.9,32.2,100
1,12135,0,12559,195,100,80,54.9,32.2,100
0,18,0,1356,195,100,80,54.9,32.2,100
1,18,0,98,195,100,80,54.9,32.2,100
1,6521,0,162864,29.1,100,80,54.9,32.2,100
1,209,0,21624,195,100,80,54.9,32.2,100
1,634,0,9091,60,93.8,31.4,54.9,32.2,100
1,258,0,1541,195,100,80,54.9,32.2,100
0,11881,0,26171,195,100,80,54.9,32.2,100
0,2250,0,14077,195,100,80,54.9,32.2,100
0,6838,0,36623,195,100,80,54.9,32.2,100
1,10057,0,17081,195,100,80,54.9,32.2,100
1,18606,0,87327,195,100,80,54.9,32.2,100
1,12241,0,20331,195,100,80,54.9,32.2,100
1,3,0,4089,244.1,100,80,54.9,32.2,100
